DROP TABLE CALIFICACION_OYENTE;
DROP TABLE CANCION;
DROP TABLE INTEGRANTES;
DROP TABLE SUBGENERO_MUSICAL;
DROP TABLE ALBUM;
DROP TABLE ARTISTA;
DROP TABLE GENERO_MUSICAL;
DROP TABLE PAIS;
DROP TABLE TIPO_ARTISTA;


CREATE TABLE ALBUM (
    ID_ALBUM                INTEGER NOT NULL,
    NOMBRE_ALBUM            VARCHAR2(50) NOT NULL,
    FECHA_LANZAMIENTO_ALBUM DATE NOT NULL,
    ID_ARTISTA              INTEGER NOT NULL
);

ALTER TABLE ALBUM ADD CONSTRAINT ALBUM_PK PRIMARY KEY ( ID_ALBUM );

CREATE TABLE ARTISTA (
    ID_ARTISTA           INTEGER NOT NULL,
    NOMBRE_ARTISTA       VARCHAR2(50) NOT NULL,
    FECHA_INICIO_CARRERA VARCHAR2(50) NOT NULL,
    ID_PAIS              INTEGER NOT NULL,
    ID_TIPO_ARTISTA      INTEGER NOT NULL
);

ALTER TABLE ARTISTA ADD CONSTRAINT ARTISTA_PK PRIMARY KEY ( ID_ARTISTA );

CREATE TABLE CALIFICACION_OYENTE (
    ID_CALIFICACION_OYENTE  INTEGER NOT NULL,
    CALIFICACION_CRITICA    VARCHAR2(50),
    COMENTARIO_CALIFICACION VARCHAR2(200),
    ID_CANCION              INTEGER NOT NULL
);

ALTER TABLE CALIFICACION_OYENTE ADD CONSTRAINT CALIFICACION_OYENTE_PK PRIMARY KEY ( ID_CALIFICACION_OYENTE );

CREATE TABLE CANCION (
    ID_CANCION                INTEGER NOT NULL,
    NOMBRE_CANCION            VARCHAR2(50) NOT NULL,
    FECHA_LANZAMIENTO_CANCION VARCHAR2(50) NOT NULL,
    DURACION_CANCION          VARCHAR2(50) NOT NULL,
    ID_SUBGENERO_MUSICAL      INTEGER NOT NULL,
    ID_ARTISTA                INTEGER NOT NULL,
    ID_ALBUM                  INTEGER NOT NULL
);

ALTER TABLE CANCION ADD CONSTRAINT CANCION_PK PRIMARY KEY ( ID_CANCION );

CREATE TABLE GENERO_MUSICAL (
    ID_GENERO_MUSICAL          INTEGER NOT NULL,
    NOMBRE_GENERO_MUSICAL      VARCHAR2(50) NOT NULL,
    DESCRIPCION_GENERO_MUSICAL VARCHAR2(200)
);

ALTER TABLE GENERO_MUSICAL ADD CONSTRAINT GENERO_MUSICAL_PK PRIMARY KEY ( ID_GENERO_MUSICAL );

CREATE TABLE INTEGRANTES (
    ID_INTEGRANTE          INTEGER NOT NULL,
    NOMBRE_INTEGRANTE      VARCHAR2(50) NOT NULL,
    INSTRUMENTO_INTEGRANTE VARCHAR2(50) NOT NULL,
    ID_ARTISTA             INTEGER NOT NULL
);

ALTER TABLE INTEGRANTES ADD CONSTRAINT INTEGRANTES_PK PRIMARY KEY ( ID_INTEGRANTE );

CREATE TABLE PAIS (
    ID_PAIS          INTEGER NOT NULL,
    NOMBRE_PAIS      VARCHAR2(50) NOT NULL,
    DESCRIPCION_PAIS VARCHAR2(200) NOT NULL
);

ALTER TABLE PAIS ADD CONSTRAINT PAIS_PK PRIMARY KEY ( ID_PAIS );

CREATE TABLE SUBGENERO_MUSICAL (
    ID_SUBGENERO_MUSICAL     INTEGER NOT NULL,
    NOMBRE_SUBGENERO_MUSICAL VARCHAR2(50) NOT NULL,
    ID_GENERO_MUSICAL        INTEGER NOT NULL
);

ALTER TABLE SUBGENERO_MUSICAL ADD CONSTRAINT SUBGENERO_MUSICAL_PK PRIMARY KEY ( ID_SUBGENERO_MUSICAL );

CREATE TABLE TIPO_ARTISTA (
    ID_TIPO_ARTISTA     INTEGER NOT NULL,
    NOMBRE_TIPO_ARTISTA VARCHAR2(50) NOT NULL
);

ALTER TABLE TIPO_ARTISTA ADD CONSTRAINT TIPO_ARTISTA_PK PRIMARY KEY ( ID_TIPO_ARTISTA );

ALTER TABLE ALBUM
    ADD CONSTRAINT ALBUM_ARTISTA_FK FOREIGN KEY ( ID_ARTISTA )
        REFERENCES ARTISTA ( ID_ARTISTA );

ALTER TABLE ARTISTA
    ADD CONSTRAINT ARTISTA_PAIS_FK FOREIGN KEY ( ID_PAIS )
        REFERENCES PAIS ( ID_PAIS );

ALTER TABLE ARTISTA
    ADD CONSTRAINT ARTISTA_TIPO_ARTISTA_FK FOREIGN KEY ( ID_TIPO_ARTISTA )
        REFERENCES TIPO_ARTISTA ( ID_TIPO_ARTISTA );

ALTER TABLE CALIFICACION_OYENTE
    ADD CONSTRAINT CALIFICACION_OYENTE_CANCION_FK FOREIGN KEY ( ID_CANCION )
        REFERENCES CANCION ( ID_CANCION );

ALTER TABLE CANCION
    ADD CONSTRAINT CANCION_ALBUM_FK FOREIGN KEY ( ID_ALBUM )
        REFERENCES ALBUM ( ID_ALBUM );

ALTER TABLE CANCION
    ADD CONSTRAINT CANCION_ARTISTA_FK FOREIGN KEY ( ID_ARTISTA )
        REFERENCES ARTISTA ( ID_ARTISTA );

ALTER TABLE CANCION
    ADD CONSTRAINT CANCION_SUBGENERO_MUSICAL_FK FOREIGN KEY ( ID_SUBGENERO_MUSICAL )
        REFERENCES SUBGENERO_MUSICAL ( ID_SUBGENERO_MUSICAL );

ALTER TABLE INTEGRANTES
    ADD CONSTRAINT INTEGRANTES_ARTISTA_FK FOREIGN KEY ( ID_ARTISTA )
        REFERENCES ARTISTA ( ID_ARTISTA );

ALTER TABLE SUBGENERO_MUSICAL
    ADD CONSTRAINT SUBGENERO_GENERO_MUSICAL_FK FOREIGN KEY ( ID_GENERO_MUSICAL )
        REFERENCES GENERO_MUSICAL ( ID_GENERO_MUSICAL );

INSERT INTO GENERO_MUSICAL (ID_GENERO_MUSICAL, NOMBRE_GENERO_MUSICAL, DESCRIPCION_GENERO_MUSICAL)
VALUES (1, 'Rock', 'Género musical que se caracteriza por el uso de guitarras eléctricas y batería.');
INSERT INTO GENERO_MUSICAL (ID_GENERO_MUSICAL, NOMBRE_GENERO_MUSICAL, DESCRIPCION_GENERO_MUSICAL)
VALUES (2, 'Pop', 'Género musical con melodías pegajosas y ritmos bailables.');
INSERT INTO GENERO_MUSICAL (ID_GENERO_MUSICAL, NOMBRE_GENERO_MUSICAL, DESCRIPCION_GENERO_MUSICAL)
VALUES (3, 'Hip-Hop', 'Género musical con letras rimadas y ritmo característico.');
INSERT INTO GENERO_MUSICAL (ID_GENERO_MUSICAL, NOMBRE_GENERO_MUSICAL, DESCRIPCION_GENERO_MUSICAL)
VALUES (4, 'Jazz', 'Género musical improvisado con instrumentos de viento y cuerdas.');
INSERT INTO GENERO_MUSICAL (ID_GENERO_MUSICAL, NOMBRE_GENERO_MUSICAL, DESCRIPCION_GENERO_MUSICAL)
VALUES (5, 'Electrónica', 'Género musical con música generada electrónicamente.');
INSERT INTO GENERO_MUSICAL (ID_GENERO_MUSICAL, NOMBRE_GENERO_MUSICAL, DESCRIPCION_GENERO_MUSICAL)
VALUES (6, 'R&B', 'Género musical que combina ritmos y blues.');
INSERT INTO GENERO_MUSICAL (ID_GENERO_MUSICAL, NOMBRE_GENERO_MUSICAL, DESCRIPCION_GENERO_MUSICAL)
VALUES (7, 'Reggae', 'Género musical originado en Jamaica.');
INSERT INTO GENERO_MUSICAL (ID_GENERO_MUSICAL, NOMBRE_GENERO_MUSICAL, DESCRIPCION_GENERO_MUSICAL)
VALUES (8, 'Clásica', 'Música clásica de compositores famosos.');
INSERT INTO GENERO_MUSICAL (ID_GENERO_MUSICAL, NOMBRE_GENERO_MUSICAL, DESCRIPCION_GENERO_MUSICAL)
VALUES (9, 'Country', 'Música tradicional de Estados Unidos.');
INSERT INTO GENERO_MUSICAL (ID_GENERO_MUSICAL, NOMBRE_GENERO_MUSICAL, DESCRIPCION_GENERO_MUSICAL)
VALUES (10, 'Salsa', 'Género musical bailable de origen latino.');
INSERT INTO GENERO_MUSICAL (ID_GENERO_MUSICAL, NOMBRE_GENERO_MUSICAL, DESCRIPCION_GENERO_MUSICAL)
VALUES (11, 'Indie', 'Género musical caracterizado por su independencia artística.');

INSERT INTO PAIS (ID_PAIS, NOMBRE_PAIS, DESCRIPCION_PAIS)
VALUES (1, 'Estados Unidos', 'País ubicado en América del Norte.');
INSERT INTO PAIS (ID_PAIS, NOMBRE_PAIS, DESCRIPCION_PAIS)
VALUES (2, 'Reino Unido', 'País insular en Europa Occidental.');
INSERT INTO PAIS (ID_PAIS, NOMBRE_PAIS, DESCRIPCION_PAIS)
VALUES (3, 'Canadá', 'País norteamericano con una gran extensión territorial.');
INSERT INTO PAIS (ID_PAIS, NOMBRE_PAIS, DESCRIPCION_PAIS)
VALUES (4, 'Francia', 'País conocido por su cultura y gastronomía.');
INSERT INTO PAIS (ID_PAIS, NOMBRE_PAIS, DESCRIPCION_PAIS)
VALUES (5, 'Brasil', 'El país más grande de América del Sur.');
INSERT INTO PAIS (ID_PAIS, NOMBRE_PAIS, DESCRIPCION_PAIS)
VALUES (6, 'Australia', 'País situado en Oceanía conocido por su fauna única.');
INSERT INTO PAIS (ID_PAIS, NOMBRE_PAIS, DESCRIPCION_PAIS)
VALUES (7, 'Japón', 'País insular en Asia conocido por su cultura tradicional y tecnología avanzada.');
INSERT INTO PAIS (ID_PAIS, NOMBRE_PAIS, DESCRIPCION_PAIS)
VALUES (8, 'México', 'País de América del Norte conocido por su comida y tradiciones.');
INSERT INTO PAIS (ID_PAIS, NOMBRE_PAIS, DESCRIPCION_PAIS)
VALUES (9, 'Alemania', 'País europeo conocido por su industria y música.');
INSERT INTO PAIS (ID_PAIS, NOMBRE_PAIS, DESCRIPCION_PAIS)
VALUES (10, 'India', 'País en el sur de Asia con una rica historia cultural.');
INSERT INTO PAIS (ID_PAIS, NOMBRE_PAIS, DESCRIPCION_PAIS)
VALUES (11, 'Argentina', 'País en América del Sur conocido por su tango y carne.');

INSERT INTO TIPO_ARTISTA (ID_TIPO_ARTISTA, NOMBRE_TIPO_ARTISTA)
VALUES (1, 'Solista');
INSERT INTO TIPO_ARTISTA (ID_TIPO_ARTISTA, NOMBRE_TIPO_ARTISTA)
VALUES (2, 'Banda');
INSERT INTO TIPO_ARTISTA (ID_TIPO_ARTISTA, NOMBRE_TIPO_ARTISTA)
VALUES (3, 'Dúo');
INSERT INTO TIPO_ARTISTA (ID_TIPO_ARTISTA, NOMBRE_TIPO_ARTISTA)
VALUES (4, 'Grupo de Rock');
INSERT INTO TIPO_ARTISTA (ID_TIPO_ARTISTA, NOMBRE_TIPO_ARTISTA)
VALUES (5, 'Solista Femenina');
INSERT INTO TIPO_ARTISTA (ID_TIPO_ARTISTA, NOMBRE_TIPO_ARTISTA)
VALUES (6, 'Dúo de Jazz');
INSERT INTO TIPO_ARTISTA (ID_TIPO_ARTISTA, NOMBRE_TIPO_ARTISTA)
VALUES (7, 'Banda de Hip-Hop');
INSERT INTO TIPO_ARTISTA (ID_TIPO_ARTISTA, NOMBRE_TIPO_ARTISTA)
VALUES (8, 'Grupo de Salsa');
INSERT INTO TIPO_ARTISTA (ID_TIPO_ARTISTA, NOMBRE_TIPO_ARTISTA)
VALUES (9, 'Dúo de Country');
INSERT INTO TIPO_ARTISTA (ID_TIPO_ARTISTA, NOMBRE_TIPO_ARTISTA)
VALUES (10, 'Grupo de Indie');
INSERT INTO TIPO_ARTISTA (ID_TIPO_ARTISTA, NOMBRE_TIPO_ARTISTA)
VALUES (11, 'Solista de Pop');

INSERT INTO ARTISTA (ID_ARTISTA, NOMBRE_ARTISTA, FECHA_INICIO_CARRERA, ID_PAIS, ID_TIPO_ARTISTA)
VALUES (1, 'John Doe', TO_DATE('01-01-2000'), 1, 1);
INSERT INTO ARTISTA (ID_ARTISTA, NOMBRE_ARTISTA, FECHA_INICIO_CARRERA, ID_PAIS, ID_TIPO_ARTISTA)
VALUES (2, 'Maria Rodriguez', TO_DATE('15-03-2005'), 2, 1);
INSERT INTO ARTISTA (ID_ARTISTA, NOMBRE_ARTISTA, FECHA_INICIO_CARRERA, ID_PAIS, ID_TIPO_ARTISTA)
VALUES (3, 'The Midnight Jazz Quartet', TO_DATE('20-07-1998'), 1, 2);
INSERT INTO ARTISTA (ID_ARTISTA, NOMBRE_ARTISTA, FECHA_INICIO_CARRERA, ID_PAIS, ID_TIPO_ARTISTA)
VALUES (4, 'Rock Revolution', TO_DATE('05-10-2002'), 3, 4);
INSERT INTO ARTISTA (ID_ARTISTA, NOMBRE_ARTISTA, FECHA_INICIO_CARRERA, ID_PAIS, ID_TIPO_ARTISTA)
VALUES (5, 'Alicia Johnson', TO_DATE('28-02-2010'), 4, 5);
INSERT INTO ARTISTA (ID_ARTISTA, NOMBRE_ARTISTA, FECHA_INICIO_CARRERA, ID_PAIS, ID_TIPO_ARTISTA)
VALUES (6, 'Jazz Express', TO_DATE('11-12-1995'), 2, 2);
INSERT INTO ARTISTA (ID_ARTISTA, NOMBRE_ARTISTA, FECHA_INICIO_CARRERA, ID_PAIS, ID_TIPO_ARTISTA)
VALUES (7, 'Hip-Hop Nation', TO_DATE('09-05-2003'), 5, 1);
INSERT INTO ARTISTA (ID_ARTISTA, NOMBRE_ARTISTA, FECHA_INICIO_CARRERA, ID_PAIS, ID_TIPO_ARTISTA)
VALUES (8, 'Salsa Kings', TO_DATE('18-12-1999'), 7, 4);
INSERT INTO ARTISTA (ID_ARTISTA, NOMBRE_ARTISTA, FECHA_INICIO_CARRERA, ID_PAIS, ID_TIPO_ARTISTA)
VALUES (9, 'Country Harmony', TO_DATE('08-03-2004'), 6, 3);
INSERT INTO ARTISTA (ID_ARTISTA, NOMBRE_ARTISTA, FECHA_INICIO_CARRERA, ID_PAIS, ID_TIPO_ARTISTA)
VALUES (10, 'Indie Explorers', TO_DATE('17-04-2012'), 8, 11);
INSERT INTO ARTISTA (ID_ARTISTA, NOMBRE_ARTISTA, FECHA_INICIO_CARRERA, ID_PAIS, ID_TIPO_ARTISTA)
VALUES (11, 'Pop Sensation', TO_DATE('22-10-2008'), 9, 5);

INSERT INTO INTEGRANTES (ID_INTEGRANTE, NOMBRE_INTEGRANTE, INSTRUMENTO_INTEGRANTE, ID_ARTISTA)
VALUES (1, 'Jane Smith', 'Guitarra', 1);
INSERT INTO INTEGRANTES (ID_INTEGRANTE, NOMBRE_INTEGRANTE, INSTRUMENTO_INTEGRANTE, ID_ARTISTA)
VALUES (2, 'Sandra Pérez', 'Teclado', 1);
INSERT INTO INTEGRANTES (ID_INTEGRANTE, NOMBRE_INTEGRANTE, INSTRUMENTO_INTEGRANTE, ID_ARTISTA)
VALUES (3, 'John Smith', 'Saxofón', 2);
INSERT INTO INTEGRANTES (ID_INTEGRANTE, NOMBRE_INTEGRANTE, INSTRUMENTO_INTEGRANTE, ID_ARTISTA)
VALUES (4, 'Emily Davis', 'Guitarra', 3);
INSERT INTO INTEGRANTES (ID_INTEGRANTE, NOMBRE_INTEGRANTE, INSTRUMENTO_INTEGRANTE, ID_ARTISTA)
VALUES (5, 'Carlos Rodríguez', 'Batería', 4);
INSERT INTO INTEGRANTES (ID_INTEGRANTE, NOMBRE_INTEGRANTE, INSTRUMENTO_INTEGRANTE, ID_ARTISTA)
VALUES (6, 'Luis Martinez', 'Bajo', 5);
INSERT INTO INTEGRANTES (ID_INTEGRANTE, NOMBRE_INTEGRANTE, INSTRUMENTO_INTEGRANTE, ID_ARTISTA)
VALUES (7, 'Sarah Johnson', 'Voz Principal', 6);
INSERT INTO INTEGRANTES (ID_INTEGRANTE, NOMBRE_INTEGRANTE, INSTRUMENTO_INTEGRANTE, ID_ARTISTA)
VALUES (8, 'Javier García', 'DJ', 7);
INSERT INTO INTEGRANTES (ID_INTEGRANTE, NOMBRE_INTEGRANTE, INSTRUMENTO_INTEGRANTE, ID_ARTISTA)
VALUES (9, 'Maria González', 'Trompeta', 7);
INSERT INTO INTEGRANTES (ID_INTEGRANTE, NOMBRE_INTEGRANTE, INSTRUMENTO_INTEGRANTE, ID_ARTISTA)
VALUES (10, 'Lucas Brown', 'Banjo', 8);
INSERT INTO INTEGRANTES (ID_INTEGRANTE, NOMBRE_INTEGRANTE, INSTRUMENTO_INTEGRANTE, ID_ARTISTA)
VALUES (11, 'Sophie White', 'Violín', 8);

INSERT INTO ALBUM (ID_ALBUM, NOMBRE_ALBUM, FECHA_LANZAMIENTO_ALBUM, ID_ARTISTA)
VALUES (1, 'ÁLBUM DE PRUEBA', TO_DATE('28-08-2023'), 1);
INSERT INTO ALBUM (ID_ALBUM, NOMBRE_ALBUM, FECHA_LANZAMIENTO_ALBUM, ID_ARTISTA)
VALUES (2, 'SUMMER VIBES', TO_DATE('15-06-2022'), 1);
INSERT INTO ALBUM (ID_ALBUM, NOMBRE_ALBUM, FECHA_LANZAMIENTO_ALBUM, ID_ARTISTA)
VALUES (3, 'REFLECTIONS', TO_DATE('25-03-2020'), 2);
INSERT INTO ALBUM (ID_ALBUM, NOMBRE_ALBUM, FECHA_LANZAMIENTO_ALBUM, ID_ARTISTA)
VALUES (4, 'ROCK ANTHEMS', TO_DATE('08-10-2019'), 4);
INSERT INTO ALBUM (ID_ALBUM, NOMBRE_ALBUM, FECHA_LANZAMIENTO_ALBUM, ID_ARTISTA)
VALUES (5, 'DREAMSCAPES', TO_DATE('30-11-2021'), 3);
INSERT INTO ALBUM (ID_ALBUM, NOMBRE_ALBUM, FECHA_LANZAMIENTO_ALBUM, ID_ARTISTA)
VALUES (6, 'SALSA CLASSICS', TO_DATE('05-12-2018'), 7);
INSERT INTO ALBUM (ID_ALBUM, NOMBRE_ALBUM, FECHA_LANZAMIENTO_ALBUM, ID_ARTISTA)
VALUES (7, 'COUNTRY ROAD', TO_DATE('02-08-2017'), 9);
INSERT INTO ALBUM (ID_ALBUM, NOMBRE_ALBUM, FECHA_LANZAMIENTO_ALBUM, ID_ARTISTA)
VALUES (8, 'JAZZ ODYSSEY', TO_DATE('19-07-2016'), 6);
INSERT INTO ALBUM (ID_ALBUM, NOMBRE_ALBUM, FECHA_LANZAMIENTO_ALBUM, ID_ARTISTA)
VALUES (9, 'HIP-HOP REVOLUTION', TO_DATE('11-05-2018'), 7);
INSERT INTO ALBUM (ID_ALBUM, NOMBRE_ALBUM, FECHA_LANZAMIENTO_ALBUM, ID_ARTISTA)
VALUES (10, 'INDIE GEMS', TO_DATE('09-03-2020'), 10);
INSERT INTO ALBUM (ID_ALBUM, NOMBRE_ALBUM, FECHA_LANZAMIENTO_ALBUM, ID_ARTISTA)
VALUES (11, 'POP DREAMS', TO_DATE('27-12-2019'), 11);

INSERT INTO SUBGENERO_MUSICAL (ID_SUBGENERO_MUSICAL, NOMBRE_SUBGENERO_MUSICAL, ID_GENERO_MUSICAL)
VALUES (1, 'Rock Alternativo', 1);
INSERT INTO SUBGENERO_MUSICAL (ID_SUBGENERO_MUSICAL, NOMBRE_SUBGENERO_MUSICAL, ID_GENERO_MUSICAL)
VALUES (2, 'Pop-Rock', 1);
INSERT INTO SUBGENERO_MUSICAL (ID_SUBGENERO_MUSICAL, NOMBRE_SUBGENERO_MUSICAL, ID_GENERO_MUSICAL)
VALUES (3, 'Jazz Fusion', 4);
INSERT INTO SUBGENERO_MUSICAL (ID_SUBGENERO_MUSICAL, NOMBRE_SUBGENERO_MUSICAL, ID_GENERO_MUSICAL)
VALUES (4, 'Electro-Pop', 5);
INSERT INTO SUBGENERO_MUSICAL (ID_SUBGENERO_MUSICAL, NOMBRE_SUBGENERO_MUSICAL, ID_GENERO_MUSICAL)
VALUES (5, 'Rap', 3);
INSERT INTO SUBGENERO_MUSICAL (ID_SUBGENERO_MUSICAL, NOMBRE_SUBGENERO_MUSICAL, ID_GENERO_MUSICAL)
VALUES (6, 'Salsa Romántica', 7);
INSERT INTO SUBGENERO_MUSICAL (ID_SUBGENERO_MUSICAL, NOMBRE_SUBGENERO_MUSICAL, ID_GENERO_MUSICAL)
VALUES (7, 'Bluegrass', 9);
INSERT INTO SUBGENERO_MUSICAL (ID_SUBGENERO_MUSICAL, NOMBRE_SUBGENERO_MUSICAL, ID_GENERO_MUSICAL)
VALUES (8, 'Smooth Jazz', 4);
INSERT INTO SUBGENERO_MUSICAL (ID_SUBGENERO_MUSICAL, NOMBRE_SUBGENERO_MUSICAL, ID_GENERO_MUSICAL)
VALUES (9, 'Hip-Hop Alternativo', 3);
INSERT INTO SUBGENERO_MUSICAL (ID_SUBGENERO_MUSICAL, NOMBRE_SUBGENERO_MUSICAL, ID_GENERO_MUSICAL)
VALUES (10, 'Indie Rock', 1);
INSERT INTO SUBGENERO_MUSICAL (ID_SUBGENERO_MUSICAL, NOMBRE_SUBGENERO_MUSICAL, ID_GENERO_MUSICAL)
VALUES (11, 'Dance-Pop', 5);

INSERT INTO CANCION (ID_CANCION, NOMBRE_CANCION, FECHA_LANZAMIENTO_CANCION, DURACION_CANCION, ID_SUBGENERO_MUSICAL, ID_ARTISTA, ID_ALBUM)
VALUES (1, 'CANCIÓN DE EJEMPLO', TO_DATE('28-08-2023'), '03:30', 1, 1, 1);
INSERT INTO CANCION (ID_CANCION, NOMBRE_CANCION, FECHA_LANZAMIENTO_CANCION, DURACION_CANCION, ID_SUBGENERO_MUSICAL, ID_ARTISTA, ID_ALBUM)
VALUES (2, 'NOCHES DE VERANO', TO_DATE('20-07-2022'), '04:15', 2, 1, 2);
INSERT INTO CANCION (ID_CANCION, NOMBRE_CANCION, FECHA_LANZAMIENTO_CANCION, DURACION_CANCION, ID_SUBGENERO_MUSICAL, ID_ARTISTA, ID_ALBUM)
VALUES (3, 'SMOOTH JAZZ GROOVE', TO_DATE('04-12-2020'), '05:30', 8, 6, 3);
INSERT INTO CANCION (ID_CANCION, NOMBRE_CANCION, FECHA_LANZAMIENTO_CANCION, DURACION_CANCION, ID_SUBGENERO_MUSICAL, ID_ARTISTA, ID_ALBUM)
VALUES (4, 'ELECTRIC DREAMS', TO_DATE('08-03-2019'), '03:45', 4, 5, 4);
INSERT INTO CANCION (ID_CANCION, NOMBRE_CANCION, FECHA_LANZAMIENTO_CANCION, DURACION_CANCION, ID_SUBGENERO_MUSICAL, ID_ARTISTA, ID_ALBUM)
VALUES (5, 'CITY LIGHTS', TO_DATE('11-05-2021'), '04:10', 10, 10, 5);
INSERT INTO CANCION (ID_CANCION, NOMBRE_CANCION, FECHA_LANZAMIENTO_CANCION, DURACION_CANCION, ID_SUBGENERO_MUSICAL, ID_ARTISTA, ID_ALBUM)
VALUES (6, 'RAP REVOLUTION', TO_DATE('15-02-2020'), '03:20', 5, 7, 6);
INSERT INTO CANCION (ID_CANCION, NOMBRE_CANCION, FECHA_LANZAMIENTO_CANCION, DURACION_CANCION, ID_SUBGENERO_MUSICAL, ID_ARTISTA, ID_ALBUM)
VALUES (7, 'SALSA SENSUAL', TO_DATE('30-05-2018'), '04:45', 6, 7, 7);
INSERT INTO CANCION (ID_CANCION, NOMBRE_CANCION, FECHA_LANZAMIENTO_CANCION, DURACION_CANCION, ID_SUBGENERO_MUSICAL, ID_ARTISTA, ID_ALBUM)
VALUES (8, 'COUNTRY ROADS', TO_DATE('03-10-2017'), '03:55', 9, 9, 8);
INSERT INTO CANCION (ID_CANCION, NOMBRE_CANCION, FECHA_LANZAMIENTO_CANCION, DURACION_CANCION, ID_SUBGENERO_MUSICAL, ID_ARTISTA, ID_ALBUM)
VALUES (9, 'INDIE VIBES', TO_DATE('25-01-2021'), '04:30', 11, 10, 9);
INSERT INTO CANCION (ID_CANCION, NOMBRE_CANCION, FECHA_LANZAMIENTO_CANCION, DURACION_CANCION, ID_SUBGENERO_MUSICAL, ID_ARTISTA, ID_ALBUM)
VALUES (10, 'POP ANTHEM', TO_DATE('15-12-2019'), '03:55', 2, 11, 10);

INSERT INTO CALIFICACION_OYENTE (ID_CALIFICACION_OYENTE, CALIFICACION_CRITICA, COMENTARIO_CALIFICACION, ID_CANCION)
VALUES (1, '5 estrellas', 'Me encanta esta canción', 1);
INSERT INTO CALIFICACION_OYENTE (ID_CALIFICACION_OYENTE, CALIFICACION_CRITICA, COMENTARIO_CALIFICACION, ID_CANCION)
VALUES (2, '4 estrellas', 'Me encanta esta canción.', 1);
INSERT INTO CALIFICACION_OYENTE (ID_CALIFICACION_OYENTE, CALIFICACION_CRITICA, COMENTARIO_CALIFICACION, ID_CANCION)
VALUES (3, '5 estrellas', '¡Esta canción es increíble!', 3);
INSERT INTO CALIFICACION_OYENTE (ID_CALIFICACION_OYENTE, CALIFICACION_CRITICA, COMENTARIO_CALIFICACION, ID_CANCION)
VALUES (4, '3 estrellas', 'Es una canción decente.', 4);
INSERT INTO CALIFICACION_OYENTE (ID_CALIFICACION_OYENTE, CALIFICACION_CRITICA, COMENTARIO_CALIFICACION, ID_CANCION)
VALUES (5, '5 estrellas', 'La mejor canción que he escuchado.', 2);
INSERT INTO CALIFICACION_OYENTE (ID_CALIFICACION_OYENTE, CALIFICACION_CRITICA, COMENTARIO_CALIFICACION, ID_CANCION)
VALUES (6, '4 estrellas', 'Me hace bailar cada vez.', 5);
INSERT INTO CALIFICACION_OYENTE (ID_CALIFICACION_OYENTE, CALIFICACION_CRITICA, COMENTARIO_CALIFICACION, ID_CANCION)
VALUES (7, '2 estrellas', 'No es mi estilo.', 6);
INSERT INTO CALIFICACION_OYENTE (ID_CALIFICACION_OYENTE, CALIFICACION_CRITICA, COMENTARIO_CALIFICACION, ID_CANCION)
VALUES (8, '5 estrellas', 'Esta canción es un clásico.', 8);
INSERT INTO CALIFICACION_OYENTE (ID_CALIFICACION_OYENTE, CALIFICACION_CRITICA, COMENTARIO_CALIFICACION, ID_CANCION)
VALUES (9, '4 estrellas', 'Gran interpretación vocal.', 7);
INSERT INTO CALIFICACION_OYENTE (ID_CALIFICACION_OYENTE, CALIFICACION_CRITICA, COMENTARIO_CALIFICACION, ID_CANCION)
VALUES (10, '3 estrellas', 'No está mal, pero podría mejorar.', 9);
INSERT INTO CALIFICACION_OYENTE (ID_CALIFICACION_OYENTE, CALIFICACION_CRITICA, COMENTARIO_CALIFICACION, ID_CANCION)
VALUES (11, '5 estrellas', 'Me encanta la letra.', 10);