DROP TABLE CALIFICACION_OYENTE;
DROP TABLE CANCION;
DROP TABLE ALBUM;
DROP TABLE INTEGRANTES;
DROP TABLE ARTISTA;
DROP TABLE TIPO_ARTISTA;
DROP TABLE PAIS;
DROP TABLE SUBGENERO_MUSICAL;
DROP TABLE GENERO_MUSICAL;


CREATE TABLE ALBUM (
    ID_ALBUM                INTEGER NOT NULL,
    NOMBRE_ALBUM            VARCHAR2(50) NOT NULL,
    FECHA_LANZAMIENTO_ALBUM DATE NOT NULL,
    ID_ARTISTA              INTEGER NOT NULL
);

ALTER TABLE ALBUM ADD CONSTRAINT ALBUM_PK PRIMARY KEY ( ID_ALBUM );

CREATE TABLE ARTISTA (
    ID_ARTISTA           INTEGER NOT NULL,
    NOMBRE_ARTISTA       VARCHAR2(50) NOT NULL,
    FECHA_INICIO_CARRERA VARCHAR2(50) NOT NULL,
    ID_PAIS              INTEGER NOT NULL,
    ID_TIPO_ARTISTA      INTEGER NOT NULL
);

ALTER TABLE ARTISTA ADD CONSTRAINT ARTISTA_PK PRIMARY KEY ( ID_ARTISTA );

CREATE TABLE CALIFICACION_OYENTE (
    ID_CALIFICACION_OYENTE  INTEGER NOT NULL,
    CALIFICACION_CRITICA    VARCHAR2(50),
    COMENTARIO_CALIFICACION VARCHAR2(200),
    ID_CANCION              INTEGER NOT NULL
);

ALTER TABLE CALIFICACION_OYENTE ADD CONSTRAINT CALIFICACION_OYENTE_PK PRIMARY KEY ( ID_CALIFICACION_OYENTE );

CREATE TABLE CANCION (
    ID_CANCION                INTEGER NOT NULL,
    NOMBRE_CANCION            VARCHAR2(50) NOT NULL,
    FECHA_LANZAMIENTO_CANCION VARCHAR2(50) NOT NULL,
    DURACION_CANCION          VARCHAR2(50) NOT NULL,
    ID_SUBGENERO_MUSICAL      INTEGER NOT NULL,
    ID_ARTISTA                INTEGER NOT NULL,
    ID_ALBUM                  INTEGER NOT NULL
);

ALTER TABLE CANCION ADD CONSTRAINT CANCION_PK PRIMARY KEY ( ID_CANCION );

CREATE TABLE GENERO_MUSICAL (
    ID_GENERO_MUSICAL          INTEGER NOT NULL,
    NOMBRE_GENERO_MUSICAL      VARCHAR2(50) NOT NULL,
    DESCRIPCION_GENERO_MUSICAL VARCHAR2(200)
);

ALTER TABLE GENERO_MUSICAL ADD CONSTRAINT GENERO_MUSICAL_PK PRIMARY KEY ( ID_GENERO_MUSICAL );

CREATE TABLE INTEGRANTES (
    ID_INTEGRANTE          INTEGER NOT NULL,
    NOMBRE_INTEGRANTE      VARCHAR2(50) NOT NULL,
    INSTRUMENTO_INTEGRANTE VARCHAR2(50) NOT NULL,
    ID_ARTISTA             INTEGER NOT NULL
);

ALTER TABLE INTEGRANTES ADD CONSTRAINT INTEGRANTES_PK PRIMARY KEY ( ID_INTEGRANTE );

CREATE TABLE PAIS (
    ID_PAIS          INTEGER NOT NULL,
    NOMBRE_PAIS      VARCHAR2(50) NOT NULL,
    DESCRIPCION_PAIS VARCHAR2(200) NOT NULL
);

ALTER TABLE PAIS ADD CONSTRAINT PAIS_PK PRIMARY KEY ( ID_PAIS );

CREATE TABLE SUBGENERO_MUSICAL (
    ID_SUBGENERO_MUSICAL     INTEGER NOT NULL,
    NOMBRE_SUBGENERO_MUSICAL VARCHAR2(50) NOT NULL,
    ID_GENERO_MUSICAL        INTEGER NOT NULL
);

ALTER TABLE SUBGENERO_MUSICAL ADD CONSTRAINT SUBGENERO_MUSICAL_PK PRIMARY KEY ( ID_SUBGENERO_MUSICAL );

CREATE TABLE TIPO_ARTISTA (
    ID_TIPO_ARTISTA     INTEGER NOT NULL,
    NOMBRE_TIPO_ARTISTA VARCHAR2(50) NOT NULL
);

ALTER TABLE TIPO_ARTISTA ADD CONSTRAINT TIPO_ARTISTA_PK PRIMARY KEY ( ID_TIPO_ARTISTA );

ALTER TABLE ALBUM
    ADD CONSTRAINT ALBUM_ARTISTA_FK FOREIGN KEY ( ID_ARTISTA )
        REFERENCES ARTISTA ( ID_ARTISTA );

ALTER TABLE ARTISTA
    ADD CONSTRAINT ARTISTA_PAIS_FK FOREIGN KEY ( ID_PAIS )
        REFERENCES PAIS ( ID_PAIS );

ALTER TABLE ARTISTA
    ADD CONSTRAINT ARTISTA_TIPO_ARTISTA_FK FOREIGN KEY ( ID_TIPO_ARTISTA )
        REFERENCES TIPO_ARTISTA ( ID_TIPO_ARTISTA );

ALTER TABLE CALIFICACION_OYENTE
    ADD CONSTRAINT CALIFICACION_OYENTE_CANCION_FK FOREIGN KEY ( ID_CANCION )
        REFERENCES CANCION ( ID_CANCION );

ALTER TABLE CANCION
    ADD CONSTRAINT CANCION_ALBUM_FK FOREIGN KEY ( ID_ALBUM )
        REFERENCES ALBUM ( ID_ALBUM );

ALTER TABLE CANCION
    ADD CONSTRAINT CANCION_ARTISTA_FK FOREIGN KEY ( ID_ARTISTA )
        REFERENCES ARTISTA ( ID_ARTISTA );

ALTER TABLE CANCION
    ADD CONSTRAINT CANCION_SUBGENERO_MUSICAL_FK FOREIGN KEY ( ID_SUBGENERO_MUSICAL )
        REFERENCES SUBGENERO_MUSICAL ( ID_SUBGENERO_MUSICAL );

ALTER TABLE INTEGRANTES
    ADD CONSTRAINT INTEGRANTES_ARTISTA_FK FOREIGN KEY ( ID_ARTISTA )
        REFERENCES ARTISTA ( ID_ARTISTA );

ALTER TABLE SUBGENERO_MUSICAL
    ADD CONSTRAINT SUBGENERO_GENERO_MUSICAL_FK FOREIGN KEY ( ID_GENERO_MUSICAL )
        REFERENCES GENERO_MUSICAL ( ID_GENERO_MUSICAL );

--------------------------------------------------

INSERT INTO GENERO_MUSICAL (ID_GENERO_MUSICAL, NOMBRE_GENERO_MUSICAL, DESCRIPCION_GENERO_MUSICAL)
VALUES (1, 'Rock', 'Género musical que se caracteriza por el uso de guitarras eléctricas y batería.');
INSERT INTO GENERO_MUSICAL (ID_GENERO_MUSICAL, NOMBRE_GENERO_MUSICAL, DESCRIPCION_GENERO_MUSICAL)
VALUES (2, 'Pop', 'Género musical con melodías pegajosas y ritmos bailables.');
INSERT INTO GENERO_MUSICAL (ID_GENERO_MUSICAL, NOMBRE_GENERO_MUSICAL, DESCRIPCION_GENERO_MUSICAL)
VALUES (3, 'Hip-Hop', 'Género musical con letras rimadas y ritmo característico.');
INSERT INTO GENERO_MUSICAL (ID_GENERO_MUSICAL, NOMBRE_GENERO_MUSICAL, DESCRIPCION_GENERO_MUSICAL)
VALUES (4, 'Jazz', 'Género musical improvisado con instrumentos de viento y cuerdas.');
INSERT INTO GENERO_MUSICAL (ID_GENERO_MUSICAL, NOMBRE_GENERO_MUSICAL, DESCRIPCION_GENERO_MUSICAL)
VALUES (5, 'Electrónica', 'Género musical con música generada electrónicamente.');
INSERT INTO GENERO_MUSICAL (ID_GENERO_MUSICAL, NOMBRE_GENERO_MUSICAL, DESCRIPCION_GENERO_MUSICAL)
VALUES (6, 'R&B', 'Género musical que combina ritmos y blues.');
INSERT INTO GENERO_MUSICAL (ID_GENERO_MUSICAL, NOMBRE_GENERO_MUSICAL, DESCRIPCION_GENERO_MUSICAL)
VALUES (7, 'Reggae', 'Género musical originado en Jamaica.');
INSERT INTO GENERO_MUSICAL (ID_GENERO_MUSICAL, NOMBRE_GENERO_MUSICAL, DESCRIPCION_GENERO_MUSICAL)
VALUES (8, 'Clásica', 'Música clásica de compositores famosos.');
INSERT INTO GENERO_MUSICAL (ID_GENERO_MUSICAL, NOMBRE_GENERO_MUSICAL, DESCRIPCION_GENERO_MUSICAL)
VALUES (9, 'Country', 'Música tradicional de Estados Unidos.');
INSERT INTO GENERO_MUSICAL (ID_GENERO_MUSICAL, NOMBRE_GENERO_MUSICAL, DESCRIPCION_GENERO_MUSICAL)
VALUES (10, 'Salsa', 'Género musical bailable de origen latino.');
INSERT INTO GENERO_MUSICAL (ID_GENERO_MUSICAL, NOMBRE_GENERO_MUSICAL, DESCRIPCION_GENERO_MUSICAL)
VALUES (11, 'Indie', 'Género musical caracterizado por su independencia artística.');
INSERT INTO GENERO_MUSICAL (ID_GENERO_MUSICAL, NOMBRE_GENERO_MUSICAL, DESCRIPCION_GENERO_MUSICAL)
VALUES (12, 'Funk', 'Género musical con ritmos funk y grooves pegajosos.');
INSERT INTO GENERO_MUSICAL (ID_GENERO_MUSICAL, NOMBRE_GENERO_MUSICAL, DESCRIPCION_GENERO_MUSICAL)
VALUES (13, 'Reggaetón', 'Género musical de origen latino con influencias de hip-hop.');
INSERT INTO GENERO_MUSICAL (ID_GENERO_MUSICAL, NOMBRE_GENERO_MUSICAL, DESCRIPCION_GENERO_MUSICAL)
VALUES (14, 'Metal', 'Género musical caracterizado por guitarras distorsionadas y voces potentes.');
INSERT INTO GENERO_MUSICAL (ID_GENERO_MUSICAL, NOMBRE_GENERO_MUSICAL, DESCRIPCION_GENERO_MUSICAL)
VALUES (15, 'Soul', 'Música soul con emocionantes interpretaciones vocales.');
INSERT INTO GENERO_MUSICAL (ID_GENERO_MUSICAL, NOMBRE_GENERO_MUSICAL, DESCRIPCION_GENERO_MUSICAL)
VALUES (16, 'Blues', 'Género musical que expresa emociones a través de guitarras y armónicas.');
INSERT INTO GENERO_MUSICAL (ID_GENERO_MUSICAL, NOMBRE_GENERO_MUSICAL, DESCRIPCION_GENERO_MUSICAL)
VALUES (17, 'K-Pop', 'Género musical pop surcoreano con coreografías elaboradas.');
INSERT INTO GENERO_MUSICAL (ID_GENERO_MUSICAL, NOMBRE_GENERO_MUSICAL, DESCRIPCION_GENERO_MUSICAL)
VALUES (18, 'Disco', 'Música de baile de la década de 1970 con ritmos pegajosos.');
INSERT INTO GENERO_MUSICAL (ID_GENERO_MUSICAL, NOMBRE_GENERO_MUSICAL, DESCRIPCION_GENERO_MUSICAL)
VALUES (19, 'Folk', 'Música folk tradicional con historias en sus letras.');
INSERT INTO GENERO_MUSICAL (ID_GENERO_MUSICAL, NOMBRE_GENERO_MUSICAL, DESCRIPCION_GENERO_MUSICAL)
VALUES (20, 'Punk Rock', 'Género musical con actitud punk y acordes rápidos.');
INSERT INTO GENERO_MUSICAL (ID_GENERO_MUSICAL, NOMBRE_GENERO_MUSICAL, DESCRIPCION_GENERO_MUSICAL)
VALUES (21, 'Rap Rock', 'Fusión de rap y rock con elementos de ambos géneros.');
INSERT INTO GENERO_MUSICAL (ID_GENERO_MUSICAL, NOMBRE_GENERO_MUSICAL, DESCRIPCION_GENERO_MUSICAL)
VALUES (22, 'Gospel', 'Música religiosa de inspiración cristiana con coros emotivos.');
INSERT INTO GENERO_MUSICAL (ID_GENERO_MUSICAL, NOMBRE_GENERO_MUSICAL, DESCRIPCION_GENERO_MUSICAL)
VALUES (23, 'EDM', 'Música electrónica de baile con ritmos energéticos.');
INSERT INTO GENERO_MUSICAL (ID_GENERO_MUSICAL, NOMBRE_GENERO_MUSICAL, DESCRIPCION_GENERO_MUSICAL)
VALUES (24, 'Ranchera', 'Música mexicana tradicional con temas de amor y desamor.');
INSERT INTO GENERO_MUSICAL (ID_GENERO_MUSICAL, NOMBRE_GENERO_MUSICAL, DESCRIPCION_GENERO_MUSICAL)
VALUES (25, 'Trap', 'Subgénero del hip-hop con ritmos atrapantes y letras modernas.');
INSERT INTO GENERO_MUSICAL (ID_GENERO_MUSICAL, NOMBRE_GENERO_MUSICAL, DESCRIPCION_GENERO_MUSICAL)
VALUES (26, 'Rhythm and Blues (R&B)', 'Música soul contemporánea con énfasis en el ritmo.');
INSERT INTO GENERO_MUSICAL (ID_GENERO_MUSICAL, NOMBRE_GENERO_MUSICAL, DESCRIPCION_GENERO_MUSICAL)
VALUES (27, 'Hard Rock', 'Rock con riffs de guitarra poderosos y voces intensas.');
INSERT INTO GENERO_MUSICAL (ID_GENERO_MUSICAL, NOMBRE_GENERO_MUSICAL, DESCRIPCION_GENERO_MUSICAL)
VALUES (28, 'Cumbia', 'Género de música latina con ritmos bailables y percusión.');

--------------------------------------------------

INSERT INTO SUBGENERO_MUSICAL (ID_SUBGENERO_MUSICAL, NOMBRE_SUBGENERO_MUSICAL, ID_GENERO_MUSICAL)
VALUES (1, 'Rock Alternativo', 1);
INSERT INTO SUBGENERO_MUSICAL (ID_SUBGENERO_MUSICAL, NOMBRE_SUBGENERO_MUSICAL, ID_GENERO_MUSICAL)
VALUES (2, 'Pop-Rock', 1);
INSERT INTO SUBGENERO_MUSICAL (ID_SUBGENERO_MUSICAL, NOMBRE_SUBGENERO_MUSICAL, ID_GENERO_MUSICAL)
VALUES (3, 'Jazz Fusion', 4);
INSERT INTO SUBGENERO_MUSICAL (ID_SUBGENERO_MUSICAL, NOMBRE_SUBGENERO_MUSICAL, ID_GENERO_MUSICAL)
VALUES (4, 'Electro-Pop', 5);
INSERT INTO SUBGENERO_MUSICAL (ID_SUBGENERO_MUSICAL, NOMBRE_SUBGENERO_MUSICAL, ID_GENERO_MUSICAL)
VALUES (5, 'Rap', 3);
INSERT INTO SUBGENERO_MUSICAL (ID_SUBGENERO_MUSICAL, NOMBRE_SUBGENERO_MUSICAL, ID_GENERO_MUSICAL)
VALUES (6, 'Salsa Romántica', 7);
INSERT INTO SUBGENERO_MUSICAL (ID_SUBGENERO_MUSICAL, NOMBRE_SUBGENERO_MUSICAL, ID_GENERO_MUSICAL)
VALUES (7, 'Bluegrass', 9);
INSERT INTO SUBGENERO_MUSICAL (ID_SUBGENERO_MUSICAL, NOMBRE_SUBGENERO_MUSICAL, ID_GENERO_MUSICAL)
VALUES (8, 'Smooth Jazz', 4);
INSERT INTO SUBGENERO_MUSICAL (ID_SUBGENERO_MUSICAL, NOMBRE_SUBGENERO_MUSICAL, ID_GENERO_MUSICAL)
VALUES (9, 'Hip-Hop Alternativo', 3);
INSERT INTO SUBGENERO_MUSICAL (ID_SUBGENERO_MUSICAL, NOMBRE_SUBGENERO_MUSICAL, ID_GENERO_MUSICAL)
VALUES (10, 'Indie Rock', 1);
INSERT INTO SUBGENERO_MUSICAL (ID_SUBGENERO_MUSICAL, NOMBRE_SUBGENERO_MUSICAL, ID_GENERO_MUSICAL)
VALUES (11, 'Dance-Pop', 5);
INSERT INTO SUBGENERO_MUSICAL (ID_SUBGENERO_MUSICAL, NOMBRE_SUBGENERO_MUSICAL, ID_GENERO_MUSICAL)
VALUES (11, 'Soul', 1);
INSERT INTO SUBGENERO_MUSICAL (ID_SUBGENERO_MUSICAL, NOMBRE_SUBGENERO_MUSICAL, ID_GENERO_MUSICAL)
VALUES (12, 'Reggae Fusion', 2);
INSERT INTO SUBGENERO_MUSICAL (ID_SUBGENERO_MUSICAL, NOMBRE_SUBGENERO_MUSICAL, ID_GENERO_MUSICAL)
VALUES (13, 'Alternative R&B', 1);
INSERT INTO SUBGENERO_MUSICAL (ID_SUBGENERO_MUSICAL, NOMBRE_SUBGENERO_MUSICAL, ID_GENERO_MUSICAL)
VALUES (14, 'Folk Rock', 2);
INSERT INTO SUBGENERO_MUSICAL (ID_SUBGENERO_MUSICAL, NOMBRE_SUBGENERO_MUSICAL, ID_GENERO_MUSICAL)
VALUES (15, 'Synthwave', 3);
INSERT INTO SUBGENERO_MUSICAL (ID_SUBGENERO_MUSICAL, NOMBRE_SUBGENERO_MUSICAL, ID_GENERO_MUSICAL)
VALUES (16, 'Grunge', 2);
INSERT INTO SUBGENERO_MUSICAL (ID_SUBGENERO_MUSICAL, NOMBRE_SUBGENERO_MUSICAL, ID_GENERO_MUSICAL)
VALUES (17, 'Tropical House', 4);
INSERT INTO SUBGENERO_MUSICAL (ID_SUBGENERO_MUSICAL, NOMBRE_SUBGENERO_MUSICAL, ID_GENERO_MUSICAL)
VALUES (18, 'Experimental Hip-Hop', 5);
INSERT INTO SUBGENERO_MUSICAL (ID_SUBGENERO_MUSICAL, NOMBRE_SUBGENERO_MUSICAL, ID_GENERO_MUSICAL)
VALUES (19, 'Classical Crossover', 6);
INSERT INTO SUBGENERO_MUSICAL (ID_SUBGENERO_MUSICAL, NOMBRE_SUBGENERO_MUSICAL, ID_GENERO_MUSICAL)
VALUES (20, 'Jazz Fusion', 7);
INSERT INTO SUBGENERO_MUSICAL (ID_SUBGENERO_MUSICAL, NOMBRE_SUBGENERO_MUSICAL, ID_GENERO_MUSICAL)
VALUES (21, 'Indie Pop', 8);
INSERT INTO SUBGENERO_MUSICAL (ID_SUBGENERO_MUSICAL, NOMBRE_SUBGENERO_MUSICAL, ID_GENERO_MUSICAL)
VALUES (22, 'Punk Rock', 2);
INSERT INTO SUBGENERO_MUSICAL (ID_SUBGENERO_MUSICAL, NOMBRE_SUBGENERO_MUSICAL, ID_GENERO_MUSICAL)
VALUES (23, 'Country Pop', 8);
INSERT INTO SUBGENERO_MUSICAL (ID_SUBGENERO_MUSICAL, NOMBRE_SUBGENERO_MUSICAL, ID_GENERO_MUSICAL)
VALUES (24, 'Soul Jazz', 1);
INSERT INTO SUBGENERO_MUSICAL (ID_SUBGENERO_MUSICAL, NOMBRE_SUBGENERO_MUSICAL, ID_GENERO_MUSICAL)
VALUES (25, 'Funk', 9);
INSERT INTO SUBGENERO_MUSICAL (ID_SUBGENERO_MUSICAL, NOMBRE_SUBGENERO_MUSICAL, ID_GENERO_MUSICAL)
VALUES (26, 'Disco', 9);
INSERT INTO SUBGENERO_MUSICAL (ID_SUBGENERO_MUSICAL, NOMBRE_SUBGENERO_MUSICAL, ID_GENERO_MUSICAL)
VALUES (27, 'Trap', 10);
INSERT INTO SUBGENERO_MUSICAL (ID_SUBGENERO_MUSICAL, NOMBRE_SUBGENERO_MUSICAL, ID_GENERO_MUSICAL)
VALUES (28, 'Chillout', 11);
INSERT INTO SUBGENERO_MUSICAL (ID_SUBGENERO_MUSICAL, NOMBRE_SUBGENERO_MUSICAL, ID_GENERO_MUSICAL)
VALUES (29, 'Blues Rock', 2);
INSERT INTO SUBGENERO_MUSICAL (ID_SUBGENERO_MUSICAL, NOMBRE_SUBGENERO_MUSICAL, ID_GENERO_MUSICAL)
VALUES (30, 'Rap Rock', 5);
INSERT INTO SUBGENERO_MUSICAL (ID_SUBGENERO_MUSICAL, NOMBRE_SUBGENERO_MUSICAL, ID_GENERO_MUSICAL)
VALUES (31, 'EDM', 12);
INSERT INTO SUBGENERO_MUSICAL (ID_SUBGENERO_MUSICAL, NOMBRE_SUBGENERO_MUSICAL, ID_GENERO_MUSICAL)
VALUES (32, 'Latin Pop', 8);
INSERT INTO SUBGENERO_MUSICAL (ID_SUBGENERO_MUSICAL, NOMBRE_SUBGENERO_MUSICAL, ID_GENERO_MUSICAL)
VALUES (33, 'Heavy Metal', 13);
INSERT INTO SUBGENERO_MUSICAL (ID_SUBGENERO_MUSICAL, NOMBRE_SUBGENERO_MUSICAL, ID_GENERO_MUSICAL)
VALUES (34, 'Trance', 14);
INSERT INTO SUBGENERO_MUSICAL (ID_SUBGENERO_MUSICAL, NOMBRE_SUBGENERO_MUSICAL, ID_GENERO_MUSICAL)
VALUES (35, 'R&B Alternativo', 1);
INSERT INTO SUBGENERO_MUSICAL (ID_SUBGENERO_MUSICAL, NOMBRE_SUBGENERO_MUSICAL, ID_GENERO_MUSICAL)
VALUES (36, 'Folk Alternativo', 2);
INSERT INTO SUBGENERO_MUSICAL (ID_SUBGENERO_MUSICAL, NOMBRE_SUBGENERO_MUSICAL, ID_GENERO_MUSICAL)
VALUES (37, 'Hard Rock', 13);
INSERT INTO SUBGENERO_MUSICAL (ID_SUBGENERO_MUSICAL, NOMBRE_SUBGENERO_MUSICAL, ID_GENERO_MUSICAL)
VALUES (38, 'Reggaetón', 10);
INSERT INTO SUBGENERO_MUSICAL (ID_SUBGENERO_MUSICAL, NOMBRE_SUBGENERO_MUSICAL, ID_GENERO_MUSICAL)
VALUES (39, 'Psychedelic Rock', 2);
INSERT INTO SUBGENERO_MUSICAL (ID_SUBGENERO_MUSICAL, NOMBRE_SUBGENERO_MUSICAL, ID_GENERO_MUSICAL)
VALUES (40, 'Samba', 15);

--------------------------------------------------

INSERT INTO PAIS (ID_PAIS, NOMBRE_PAIS, DESCRIPCION_PAIS)
VALUES (1, 'Estados Unidos', 'País ubicado en América del Norte.');
INSERT INTO PAIS (ID_PAIS, NOMBRE_PAIS, DESCRIPCION_PAIS)
VALUES (2, 'Reino Unido', 'País insular en Europa Occidental.');
INSERT INTO PAIS (ID_PAIS, NOMBRE_PAIS, DESCRIPCION_PAIS)
VALUES (3, 'Canadá', 'País norteamericano con una gran extensión territorial.');
INSERT INTO PAIS (ID_PAIS, NOMBRE_PAIS, DESCRIPCION_PAIS)
VALUES (4, 'Francia', 'País conocido por su cultura y gastronomía.');
INSERT INTO PAIS (ID_PAIS, NOMBRE_PAIS, DESCRIPCION_PAIS)
VALUES (5, 'Brasil', 'El país más grande de América del Sur.');
INSERT INTO PAIS (ID_PAIS, NOMBRE_PAIS, DESCRIPCION_PAIS)
VALUES (6, 'Australia', 'País situado en Oceanía conocido por su fauna única.');
INSERT INTO PAIS (ID_PAIS, NOMBRE_PAIS, DESCRIPCION_PAIS)
VALUES (7, 'Japón', 'País insular en Asia conocido por su cultura tradicional y tecnología avanzada.');
INSERT INTO PAIS (ID_PAIS, NOMBRE_PAIS, DESCRIPCION_PAIS)
VALUES (8, 'México', 'País de América del Norte conocido por su comida y tradiciones.');
INSERT INTO PAIS (ID_PAIS, NOMBRE_PAIS, DESCRIPCION_PAIS)
VALUES (9, 'Alemania', 'País europeo conocido por su industria y música.');
INSERT INTO PAIS (ID_PAIS, NOMBRE_PAIS, DESCRIPCION_PAIS)
VALUES (10, 'India', 'País en el sur de Asia con una rica historia cultural.');
INSERT INTO PAIS (ID_PAIS, NOMBRE_PAIS, DESCRIPCION_PAIS)
VALUES (11, 'Argentina', 'País en América del Sur conocido por su tango y carne.');
INSERT INTO PAIS (ID_PAIS, NOMBRE_PAIS, DESCRIPCION_PAIS)
VALUES (12, 'España', 'País en el suroeste de Europa conocido por su cultura y festivales.');
INSERT INTO PAIS (ID_PAIS, NOMBRE_PAIS, DESCRIPCION_PAIS)
VALUES (13, 'Italia', 'País en el sur de Europa famoso por su gastronomía y arte.');
INSERT INTO PAIS (ID_PAIS, NOMBRE_PAIS, DESCRIPCION_PAIS)
VALUES (14, 'China', 'País en Asia Oriental con una larga historia y cultura rica.');
INSERT INTO PAIS (ID_PAIS, NOMBRE_PAIS, DESCRIPCION_PAIS)
VALUES (15, 'Corea del Sur', 'País en Asia conocido por su música pop y tecnología.');
INSERT INTO PAIS (ID_PAIS, NOMBRE_PAIS, DESCRIPCION_PAIS)
VALUES (16, 'Canadá', 'País norteamericano con una gran extensión territorial.');
INSERT INTO PAIS (ID_PAIS, NOMBRE_PAIS, DESCRIPCION_PAIS)
VALUES (17, 'México', 'País de América del Norte conocido por su comida y tradiciones.');
INSERT INTO PAIS (ID_PAIS, NOMBRE_PAIS, DESCRIPCION_PAIS)
VALUES (18, 'Australia', 'País situado en Oceanía conocido por su fauna única.');
INSERT INTO PAIS (ID_PAIS, NOMBRE_PAIS, DESCRIPCION_PAIS)
VALUES (19, 'Japón', 'País insular en Asia conocido por su cultura tradicional y tecnología avanzada.');
INSERT INTO PAIS (ID_PAIS, NOMBRE_PAIS, DESCRIPCION_PAIS)
VALUES (20, 'Alemania', 'País europeo conocido por su industria y música.');
INSERT INTO PAIS (ID_PAIS, NOMBRE_PAIS, DESCRIPCION_PAIS)
VALUES (21, 'India', 'País en el sur de Asia con una rica historia cultural.');
INSERT INTO PAIS (ID_PAIS, NOMBRE_PAIS, DESCRIPCION_PAIS)
VALUES (22, 'Rusia', 'El país más grande del mundo, conocido por su historia y paisajes vastos.');
INSERT INTO PAIS (ID_PAIS, NOMBRE_PAIS, DESCRIPCION_PAIS)
VALUES (23, 'Argentina', 'País en América del Sur conocido por su tango y carne.');
INSERT INTO PAIS (ID_PAIS, NOMBRE_PAIS, DESCRIPCION_PAIS)
VALUES (24, 'Francia', 'País conocido por su cultura y gastronomía.');
INSERT INTO PAIS (ID_PAIS, NOMBRE_PAIS, DESCRIPCION_PAIS)
VALUES (25, 'Reino Unido', 'País insular en Europa Occidental con una rica historia.');
INSERT INTO PAIS (ID_PAIS, NOMBRE_PAIS, DESCRIPCION_PAIS)
VALUES (26, 'Egipto', 'País en el noreste de África conocido por su historia antigua.');
INSERT INTO PAIS (ID_PAIS, NOMBRE_PAIS, DESCRIPCION_PAIS)
VALUES (27, 'Brasil', 'El país más grande de América del Sur.');
INSERT INTO PAIS (ID_PAIS, NOMBRE_PAIS, DESCRIPCION_PAIS)
VALUES (28, 'Sudáfrica', 'País en el extremo sur de África con diversidad cultural.');
INSERT INTO PAIS (ID_PAIS, NOMBRE_PAIS, DESCRIPCION_PAIS)
VALUES (29, 'Grecia', 'País en el sureste de Europa con una historia antigua rica.');
INSERT INTO PAIS (ID_PAIS, NOMBRE_PAIS, DESCRIPCION_PAIS)
VALUES (30, 'Turquía', 'País en la encrucijada de Europa y Asia con una cultura única.');
INSERT INTO PAIS (ID_PAIS, NOMBRE_PAIS, DESCRIPCION_PAIS)
VALUES (31, 'Nueva Zelanda', 'País insular en Oceanía conocido por su belleza natural.');

--------------------------------------------------

INSERT INTO TIPO_ARTISTA (ID_TIPO_ARTISTA, NOMBRE_TIPO_ARTISTA)
VALUES (1, 'Solista');
INSERT INTO TIPO_ARTISTA (ID_TIPO_ARTISTA, NOMBRE_TIPO_ARTISTA)
VALUES (2, 'Banda');
INSERT INTO TIPO_ARTISTA (ID_TIPO_ARTISTA, NOMBRE_TIPO_ARTISTA)
VALUES (3, 'Dúo');
INSERT INTO TIPO_ARTISTA (ID_TIPO_ARTISTA, NOMBRE_TIPO_ARTISTA)
VALUES (4, 'Grupo de Rock');
INSERT INTO TIPO_ARTISTA (ID_TIPO_ARTISTA, NOMBRE_TIPO_ARTISTA)
VALUES (5, 'Solista Femenina');
INSERT INTO TIPO_ARTISTA (ID_TIPO_ARTISTA, NOMBRE_TIPO_ARTISTA)
VALUES (6, 'Dúo de Jazz');
INSERT INTO TIPO_ARTISTA (ID_TIPO_ARTISTA, NOMBRE_TIPO_ARTISTA)
VALUES (7, 'Banda de Hip-Hop');
INSERT INTO TIPO_ARTISTA (ID_TIPO_ARTISTA, NOMBRE_TIPO_ARTISTA)
VALUES (8, 'Grupo de Salsa');
INSERT INTO TIPO_ARTISTA (ID_TIPO_ARTISTA, NOMBRE_TIPO_ARTISTA)
VALUES (9, 'Dúo de Country');
INSERT INTO TIPO_ARTISTA (ID_TIPO_ARTISTA, NOMBRE_TIPO_ARTISTA)
VALUES (10, 'Grupo de Indie');
INSERT INTO TIPO_ARTISTA (ID_TIPO_ARTISTA, NOMBRE_TIPO_ARTISTA)
VALUES (11, 'Solista de Pop');
INSERT INTO TIPO_ARTISTA (ID_TIPO_ARTISTA, NOMBRE_TIPO_ARTISTA)
VALUES (12, 'Grupo de Pop');
INSERT INTO TIPO_ARTISTA (ID_TIPO_ARTISTA, NOMBRE_TIPO_ARTISTA)
VALUES (13, 'Dúo de Rock');
INSERT INTO TIPO_ARTISTA (ID_TIPO_ARTISTA, NOMBRE_TIPO_ARTISTA)
VALUES (14, 'Solista de Hip-Hop');
INSERT INTO TIPO_ARTISTA (ID_TIPO_ARTISTA, NOMBRE_TIPO_ARTISTA)
VALUES (15, 'Banda de Jazz');
INSERT INTO TIPO_ARTISTA (ID_TIPO_ARTISTA, NOMBRE_TIPO_ARTISTA)
VALUES (16, 'Dúo de Electrónica');
INSERT INTO TIPO_ARTISTA (ID_TIPO_ARTISTA, NOMBRE_TIPO_ARTISTA)
VALUES (17, 'Grupo de Reggae');
INSERT INTO TIPO_ARTISTA (ID_TIPO_ARTISTA, NOMBRE_TIPO_ARTISTA)
VALUES (18, 'Solista de Country');
INSERT INTO TIPO_ARTISTA (ID_TIPO_ARTISTA, NOMBRE_TIPO_ARTISTA)
VALUES (19, 'Banda de Salsa');
INSERT INTO TIPO_ARTISTA (ID_TIPO_ARTISTA, NOMBRE_TIPO_ARTISTA)
VALUES (20, 'Dúo de Indie');
INSERT INTO TIPO_ARTISTA (ID_TIPO_ARTISTA, NOMBRE_TIPO_ARTISTA)
VALUES (21, 'Banda de Hip-Hop');
INSERT INTO TIPO_ARTISTA (ID_TIPO_ARTISTA, NOMBRE_TIPO_ARTISTA)
VALUES (22, 'Dúo de R&B');
INSERT INTO TIPO_ARTISTA (ID_TIPO_ARTISTA, NOMBRE_TIPO_ARTISTA)
VALUES (23, 'Solista de Reggae');
INSERT INTO TIPO_ARTISTA (ID_TIPO_ARTISTA, NOMBRE_TIPO_ARTISTA)
VALUES (24, 'Grupo de Clásica');
INSERT INTO TIPO_ARTISTA (ID_TIPO_ARTISTA, NOMBRE_TIPO_ARTISTA)
VALUES (25, 'Dúo de Salsa');
INSERT INTO TIPO_ARTISTA (ID_TIPO_ARTISTA, NOMBRE_TIPO_ARTISTA)
VALUES (26, 'Solista de Jazz');
INSERT INTO TIPO_ARTISTA (ID_TIPO_ARTISTA, NOMBRE_TIPO_ARTISTA)
VALUES (27, 'Banda de Indie');
INSERT INTO TIPO_ARTISTA (ID_TIPO_ARTISTA, NOMBRE_TIPO_ARTISTA)
VALUES (28, 'Grupo de Pop-Rock');
INSERT INTO TIPO_ARTISTA (ID_TIPO_ARTISTA, NOMBRE_TIPO_ARTISTA)
VALUES (29, 'Solista de Rap');
INSERT INTO TIPO_ARTISTA (ID_TIPO_ARTISTA, NOMBRE_TIPO_ARTISTA)
VALUES (30, 'Dúo de Electropop');

--------------------------------------------------

INSERT INTO ARTISTA (ID_ARTISTA, NOMBRE_ARTISTA, FECHA_INICIO_CARRERA, ID_PAIS, ID_TIPO_ARTISTA)
VALUES (1, 'John Doe', TO_DATE('01-01-2000'), 1, 1);
INSERT INTO ARTISTA (ID_ARTISTA, NOMBRE_ARTISTA, FECHA_INICIO_CARRERA, ID_PAIS, ID_TIPO_ARTISTA)
VALUES (2, 'Maria Rodriguez', TO_DATE('15-03-2005'), 2, 1);
INSERT INTO ARTISTA (ID_ARTISTA, NOMBRE_ARTISTA, FECHA_INICIO_CARRERA, ID_PAIS, ID_TIPO_ARTISTA)
VALUES (3, 'The Midnight Jazz Quartet', TO_DATE('20-07-1998'), 1, 2);
INSERT INTO ARTISTA (ID_ARTISTA, NOMBRE_ARTISTA, FECHA_INICIO_CARRERA, ID_PAIS, ID_TIPO_ARTISTA)
VALUES (4, 'Rock Revolution', TO_DATE('05-10-2002'), 3, 4);
INSERT INTO ARTISTA (ID_ARTISTA, NOMBRE_ARTISTA, FECHA_INICIO_CARRERA, ID_PAIS, ID_TIPO_ARTISTA)
VALUES (5, 'Alicia Johnson', TO_DATE('28-02-2010'), 4, 5);
INSERT INTO ARTISTA (ID_ARTISTA, NOMBRE_ARTISTA, FECHA_INICIO_CARRERA, ID_PAIS, ID_TIPO_ARTISTA)
VALUES (6, 'Jazz Express', TO_DATE('11-12-1995'), 2, 2);
INSERT INTO ARTISTA (ID_ARTISTA, NOMBRE_ARTISTA, FECHA_INICIO_CARRERA, ID_PAIS, ID_TIPO_ARTISTA)
VALUES (7, 'Hip-Hop Nation', TO_DATE('09-05-2003'), 5, 1);
INSERT INTO ARTISTA (ID_ARTISTA, NOMBRE_ARTISTA, FECHA_INICIO_CARRERA, ID_PAIS, ID_TIPO_ARTISTA)
VALUES (8, 'Salsa Kings', TO_DATE('18-12-1999'), 7, 4);
INSERT INTO ARTISTA (ID_ARTISTA, NOMBRE_ARTISTA, FECHA_INICIO_CARRERA, ID_PAIS, ID_TIPO_ARTISTA)
VALUES (9, 'Country Harmony', TO_DATE('08-03-2004'), 6, 3);
INSERT INTO ARTISTA (ID_ARTISTA, NOMBRE_ARTISTA, FECHA_INICIO_CARRERA, ID_PAIS, ID_TIPO_ARTISTA)
VALUES (10, 'Indie Explorers', TO_DATE('17-04-2012'), 8, 11);
INSERT INTO ARTISTA (ID_ARTISTA, NOMBRE_ARTISTA, FECHA_INICIO_CARRERA, ID_PAIS, ID_TIPO_ARTISTA)
VALUES (11, 'Pop Sensation', TO_DATE('22-10-2008'), 9, 5);
INSERT INTO ARTISTA (ID_ARTISTA, NOMBRE_ARTISTA, FECHA_INICIO_CARRERA, ID_PAIS, ID_TIPO_ARTISTA)
VALUES (12, 'Jessica Miller', TO_DATE('10-09-2010'), 4, 5);
INSERT INTO ARTISTA (ID_ARTISTA, NOMBRE_ARTISTA, FECHA_INICIO_CARRERA, ID_PAIS, ID_TIPO_ARTISTA)
VALUES (13, 'The Funky Quartet', TO_DATE('15-06-2005'), 2, 2);
INSERT INTO ARTISTA (ID_ARTISTA, NOMBRE_ARTISTA, FECHA_INICIO_CARRERA, ID_PAIS, ID_TIPO_ARTISTA)
VALUES (14, 'The Electric Experience', TO_DATE('22-03-2012'), 1, 5);
INSERT INTO ARTISTA (ID_ARTISTA, NOMBRE_ARTISTA, FECHA_INICIO_CARRERA, ID_PAIS, ID_TIPO_ARTISTA)
VALUES (15, 'Los Amigos de la Salsa', TO_DATE('05-11-2008'), 7, 4);
INSERT INTO ARTISTA (ID_ARTISTA, NOMBRE_ARTISTA, FECHA_INICIO_CARRERA, ID_PAIS, ID_TIPO_ARTISTA)
VALUES (16, 'Country Harmony Duo', TO_DATE('18-04-2015'), 9, 3);
INSERT INTO ARTISTA (ID_ARTISTA, NOMBRE_ARTISTA, FECHA_INICIO_CARRERA, ID_PAIS, ID_TIPO_ARTISTA)
VALUES (17, 'Jazz Ensemble', TO_DATE('09-12-2000'), 6, 2);
INSERT INTO ARTISTA (ID_ARTISTA, NOMBRE_ARTISTA, FECHA_INICIO_CARRERA, ID_PAIS, ID_TIPO_ARTISTA)
VALUES (18, 'Rap Rebels', TO_DATE('04-07-2011'), 3, 1);
INSERT INTO ARTISTA (ID_ARTISTA, NOMBRE_ARTISTA, FECHA_INICIO_CARRERA, ID_PAIS, ID_TIPO_ARTISTA)
VALUES (19, 'Indie Explorers', TO_DATE('14-03-2013'), 10, 11);
INSERT INTO ARTISTA (ID_ARTISTA, NOMBRE_ARTISTA, FECHA_INICIO_CARRERA, ID_PAIS, ID_TIPO_ARTISTA)
VALUES (20, 'Pop Princess', TO_DATE('28-09-2007'), 11, 5);
INSERT INTO ARTISTA (ID_ARTISTA, NOMBRE_ARTISTA, FECHA_INICIO_CARRERA, ID_PAIS, ID_TIPO_ARTISTA)
VALUES (21, 'The Rock Legends', TO_DATE('14-02-1996'), 1, 4);
INSERT INTO ARTISTA (ID_ARTISTA, NOMBRE_ARTISTA, FECHA_INICIO_CARRERA, ID_PAIS, ID_TIPO_ARTISTA)
VALUES (22, 'Soulful Sounds', TO_DATE('03-07-2009'), 2, 2);
INSERT INTO ARTISTA (ID_ARTISTA, NOMBRE_ARTISTA, FECHA_INICIO_CARRERA, ID_PAIS, ID_TIPO_ARTISTA)
VALUES (23, 'Jazz Pioneers', TO_DATE('25-09-1998'), 6, 2);
INSERT INTO ARTISTA (ID_ARTISTA, NOMBRE_ARTISTA, FECHA_INICIO_CARRERA, ID_PAIS, ID_TIPO_ARTISTA)
VALUES (24, 'The Hip-Hop Collective', TO_DATE('17-11-2005'), 3, 2);
INSERT INTO ARTISTA (ID_ARTISTA, NOMBRE_ARTISTA, FECHA_INICIO_CARRERA, ID_PAIS, ID_TIPO_ARTISTA)
VALUES (25, 'Salsa Fever', TO_DATE('30-04-2010'), 7, 4);
INSERT INTO ARTISTA (ID_ARTISTA, NOMBRE_ARTISTA, FECHA_INICIO_CARRERA, ID_PAIS, ID_TIPO_ARTISTA)
VALUES (26, 'Country Road Trio', TO_DATE('12-03-2016'), 9, 3);
INSERT INTO ARTISTA (ID_ARTISTA, NOMBRE_ARTISTA, FECHA_INICIO_CARRERA, ID_PAIS, ID_TIPO_ARTISTA)
VALUES (27, 'Indie Dreamers', TO_DATE('08-08-2012'), 10, 11);
INSERT INTO ARTISTA (ID_ARTISTA, NOMBRE_ARTISTA, FECHA_INICIO_CARRERA, ID_PAIS, ID_TIPO_ARTISTA)
VALUES (28, 'Pop Sensation Duo', TO_DATE('02-01-2019'), 11, 3);
INSERT INTO ARTISTA (ID_ARTISTA, NOMBRE_ARTISTA, FECHA_INICIO_CARRERA, ID_PAIS, ID_TIPO_ARTISTA)
VALUES (29, 'The Jazz Trio', TO_DATE('19-05-2007'), 6, 3);
INSERT INTO ARTISTA (ID_ARTISTA, NOMBRE_ARTISTA, FECHA_INICIO_CARRERA, ID_PAIS, ID_TIPO_ARTISTA)
VALUES (30, 'Hip-Hop Revolutionaries', TO_DATE('10-12-2014'), 3, 4);
INSERT INTO ARTISTA (ID_ARTISTA, NOMBRE_ARTISTA, FECHA_INICIO_CARRERA, ID_PAIS, ID_TIPO_ARTISTA)
VALUES (31, 'Reggae Vibes', TO_DATE('27-06-2011'), 5, 2);
INSERT INTO ARTISTA (ID_ARTISTA, NOMBRE_ARTISTA, FECHA_INICIO_CARRERA, ID_PAIS, ID_TIPO_ARTISTA)
VALUES (32, 'Electric Beats', TO_DATE('14-03-2017'), 1, 5);
INSERT INTO ARTISTA (ID_ARTISTA, NOMBRE_ARTISTA, FECHA_INICIO_CARRERA, ID_PAIS, ID_TIPO_ARTISTA)
VALUES (33, 'Salsa Sensation', TO_DATE('19-08-2006'), 7, 1);
INSERT INTO ARTISTA (ID_ARTISTA, NOMBRE_ARTISTA, FECHA_INICIO_CARRERA, ID_PAIS, ID_TIPO_ARTISTA)
VALUES (34, 'Country Harmony Quartet', TO_DATE('03-10-2013'), 9, 2);
INSERT INTO ARTISTA (ID_ARTISTA, NOMBRE_ARTISTA, FECHA_INICIO_CARRERA, ID_PAIS, ID_TIPO_ARTISTA)
VALUES (35, 'Indie Explorers Duo', TO_DATE('28-02-2015'), 10, 3);
INSERT INTO ARTISTA (ID_ARTISTA, NOMBRE_ARTISTA, FECHA_INICIO_CARRERA, ID_PAIS, ID_TIPO_ARTISTA)
VALUES (36, 'Pop Diva', TO_DATE('22-11-2009'), 11, 1);
INSERT INTO ARTISTA (ID_ARTISTA, NOMBRE_ARTISTA, FECHA_INICIO_CARRERA, ID_PAIS, ID_TIPO_ARTISTA)
VALUES (37, 'Rock Revolution Trio', TO_DATE('17-06-2014'), 1, 2);
INSERT INTO ARTISTA (ID_ARTISTA, NOMBRE_ARTISTA, FECHA_INICIO_CARRERA, ID_PAIS, ID_TIPO_ARTISTA)
VALUES (38, 'Soulful Groove', TO_DATE('11-09-2008'), 2, 3);
INSERT INTO ARTISTA (ID_ARTISTA, NOMBRE_ARTISTA, FECHA_INICIO_CARRERA, ID_PAIS, ID_TIPO_ARTISTA)
VALUES (39, 'Jazz Fusion Collective', TO_DATE('26-12-2002'), 6, 4);
INSERT INTO ARTISTA (ID_ARTISTA, NOMBRE_ARTISTA, FECHA_INICIO_CARRERA, ID_PAIS, ID_TIPO_ARTISTA)
VALUES (40, 'The Rap Duet', TO_DATE('09-04-2016'), 3, 5);

--------------------------------------------------

INSERT INTO INTEGRANTES (ID_INTEGRANTE, NOMBRE_INTEGRANTE, INSTRUMENTO_INTEGRANTE, ID_ARTISTA)
VALUES (1, 'Jane Smith', 'Guitarra', 1);
INSERT INTO INTEGRANTES (ID_INTEGRANTE, NOMBRE_INTEGRANTE, INSTRUMENTO_INTEGRANTE, ID_ARTISTA)
VALUES (2, 'Sandra Pérez', 'Teclado', 1);
INSERT INTO INTEGRANTES (ID_INTEGRANTE, NOMBRE_INTEGRANTE, INSTRUMENTO_INTEGRANTE, ID_ARTISTA)
VALUES (3, 'John Smith', 'Saxofón', 2);
INSERT INTO INTEGRANTES (ID_INTEGRANTE, NOMBRE_INTEGRANTE, INSTRUMENTO_INTEGRANTE, ID_ARTISTA)
VALUES (4, 'Emily Davis', 'Guitarra', 3);
INSERT INTO INTEGRANTES (ID_INTEGRANTE, NOMBRE_INTEGRANTE, INSTRUMENTO_INTEGRANTE, ID_ARTISTA)
VALUES (5, 'Carlos Rodríguez', 'Batería', 4);
INSERT INTO INTEGRANTES (ID_INTEGRANTE, NOMBRE_INTEGRANTE, INSTRUMENTO_INTEGRANTE, ID_ARTISTA)
VALUES (6, 'Luis Martinez', 'Bajo', 5);
INSERT INTO INTEGRANTES (ID_INTEGRANTE, NOMBRE_INTEGRANTE, INSTRUMENTO_INTEGRANTE, ID_ARTISTA)
VALUES (7, 'Sarah Johnson', 'Voz Principal', 6);
INSERT INTO INTEGRANTES (ID_INTEGRANTE, NOMBRE_INTEGRANTE, INSTRUMENTO_INTEGRANTE, ID_ARTISTA)
VALUES (8, 'Javier García', 'DJ', 7);
INSERT INTO INTEGRANTES (ID_INTEGRANTE, NOMBRE_INTEGRANTE, INSTRUMENTO_INTEGRANTE, ID_ARTISTA)
VALUES (9, 'Maria González', 'Trompeta', 7);
INSERT INTO INTEGRANTES (ID_INTEGRANTE, NOMBRE_INTEGRANTE, INSTRUMENTO_INTEGRANTE, ID_ARTISTA)
VALUES (10, 'Lucas Brown', 'Banjo', 8);
INSERT INTO INTEGRANTES (ID_INTEGRANTE, NOMBRE_INTEGRANTE, INSTRUMENTO_INTEGRANTE, ID_ARTISTA)
VALUES (11, 'Sophie White', 'Violín', 8);
INSERT INTO INTEGRANTES (ID_INTEGRANTE, NOMBRE_INTEGRANTE, INSTRUMENTO_INTEGRANTE, ID_ARTISTA)
VALUES (11, 'María Rodríguez', 'Voz', 1);
INSERT INTO INTEGRANTES (ID_INTEGRANTE, NOMBRE_INTEGRANTE, INSTRUMENTO_INTEGRANTE, ID_ARTISTA)
VALUES (12, 'Carlos López', 'Guitarra', 2);
INSERT INTO INTEGRANTES (ID_INTEGRANTE, NOMBRE_INTEGRANTE, INSTRUMENTO_INTEGRANTE, ID_ARTISTA)
VALUES (13, 'Anna Smith', 'Batería', 3);
INSERT INTO INTEGRANTES (ID_INTEGRANTE, NOMBRE_INTEGRANTE, INSTRUMENTO_INTEGRANTE, ID_ARTISTA)
VALUES (14, 'Pedro García', 'Bajo', 4);
INSERT INTO INTEGRANTES (ID_INTEGRANTE, NOMBRE_INTEGRANTE, INSTRUMENTO_INTEGRANTE, ID_ARTISTA)
VALUES (15, 'Luisa Martinez', 'Teclado', 5);
INSERT INTO INTEGRANTES (ID_INTEGRANTE, NOMBRE_INTEGRANTE, INSTRUMENTO_INTEGRANTE, ID_ARTISTA)
VALUES (16, 'David Johnson', 'Guitarra', 6);
INSERT INTO INTEGRANTES (ID_INTEGRANTE, NOMBRE_INTEGRANTE, INSTRUMENTO_INTEGRANTE, ID_ARTISTA)
VALUES (17, 'Laura Hernandez', 'Voz', 7);
INSERT INTO INTEGRANTES (ID_INTEGRANTE, NOMBRE_INTEGRANTE, INSTRUMENTO_INTEGRANTE, ID_ARTISTA)
VALUES (18, 'Miguel Torres', 'Batería', 8);
INSERT INTO INTEGRANTES (ID_INTEGRANTE, NOMBRE_INTEGRANTE, INSTRUMENTO_INTEGRANTE, ID_ARTISTA)
VALUES (19, 'Sofia Ramirez', 'Bajo', 9);
INSERT INTO INTEGRANTES (ID_INTEGRANTE, NOMBRE_INTEGRANTE, INSTRUMENTO_INTEGRANTE, ID_ARTISTA)
VALUES (20, 'Javier Perez', 'Teclado', 10);
INSERT INTO INTEGRANTES (ID_INTEGRANTE, NOMBRE_INTEGRANTE, INSTRUMENTO_INTEGRANTE, ID_ARTISTA)
VALUES (21, 'Ana Martínez', 'Violín', 11);
INSERT INTO INTEGRANTES (ID_INTEGRANTE, NOMBRE_INTEGRANTE, INSTRUMENTO_INTEGRANTE, ID_ARTISTA)
VALUES (22, 'Carlos Fernández', 'Piano', 12);
INSERT INTO INTEGRANTES (ID_INTEGRANTE, NOMBRE_INTEGRANTE, INSTRUMENTO_INTEGRANTE, ID_ARTISTA)
VALUES (23, 'Lucía Gomez', 'Batería', 13);
INSERT INTO INTEGRANTES (ID_INTEGRANTE, NOMBRE_INTEGRANTE, INSTRUMENTO_INTEGRANTE, ID_ARTISTA)
VALUES (24, 'Diego Pérez', 'Guitarra', 14);
INSERT INTO INTEGRANTES (ID_INTEGRANTE, NOMBRE_INTEGRANTE, INSTRUMENTO_INTEGRANTE, ID_ARTISTA)
VALUES (25, 'Marta Rodriguez', 'Bajo', 15);
INSERT INTO INTEGRANTES (ID_INTEGRANTE, NOMBRE_INTEGRANTE, INSTRUMENTO_INTEGRANTE, ID_ARTISTA)
VALUES (26, 'Andrés Sánchez', 'Trompeta', 16);
INSERT INTO INTEGRANTES (ID_INTEGRANTE, NOMBRE_INTEGRANTE, INSTRUMENTO_INTEGRANTE, ID_ARTISTA)
VALUES (27, 'Elena Vargas', 'Saxofón', 17);
INSERT INTO INTEGRANTES (ID_INTEGRANTE, NOMBRE_INTEGRANTE, INSTRUMENTO_INTEGRANTE, ID_ARTISTA)
VALUES (28, 'Juan López', 'Guitarra Eléctrica', 18);
INSERT INTO INTEGRANTES (ID_INTEGRANTE, NOMBRE_INTEGRANTE, INSTRUMENTO_INTEGRANTE, ID_ARTISTA)
VALUES (29, 'Cristina Torres', 'Teclado', 19);
INSERT INTO INTEGRANTES (ID_INTEGRANTE, NOMBRE_INTEGRANTE, INSTRUMENTO_INTEGRANTE, ID_ARTISTA)
VALUES (30, 'Pablo Ramírez', 'Batería', 20);

--------------------------------------------------

INSERT INTO ALBUM (ID_ALBUM, NOMBRE_ALBUM, FECHA_LANZAMIENTO_ALBUM, ID_ARTISTA)
VALUES (1, 'ÁLBUM DE PRUEBA', TO_DATE('28-08-2023'), 1);
INSERT INTO ALBUM (ID_ALBUM, NOMBRE_ALBUM, FECHA_LANZAMIENTO_ALBUM, ID_ARTISTA)
VALUES (2, 'SUMMER VIBES', TO_DATE('15-06-2022'), 1);
INSERT INTO ALBUM (ID_ALBUM, NOMBRE_ALBUM, FECHA_LANZAMIENTO_ALBUM, ID_ARTISTA)
VALUES (3, 'REFLECTIONS', TO_DATE('25-03-2020'), 2);
INSERT INTO ALBUM (ID_ALBUM, NOMBRE_ALBUM, FECHA_LANZAMIENTO_ALBUM, ID_ARTISTA)
VALUES (4, 'ROCK ANTHEMS', TO_DATE('08-10-2019'), 4);
INSERT INTO ALBUM (ID_ALBUM, NOMBRE_ALBUM, FECHA_LANZAMIENTO_ALBUM, ID_ARTISTA)
VALUES (5, 'DREAMSCAPES', TO_DATE('30-11-2021'), 3);
INSERT INTO ALBUM (ID_ALBUM, NOMBRE_ALBUM, FECHA_LANZAMIENTO_ALBUM, ID_ARTISTA)
VALUES (6, 'SALSA CLASSICS', TO_DATE('05-12-2018'), 7);
INSERT INTO ALBUM (ID_ALBUM, NOMBRE_ALBUM, FECHA_LANZAMIENTO_ALBUM, ID_ARTISTA)
VALUES (7, 'COUNTRY ROAD', TO_DATE('02-08-2017'), 9);
INSERT INTO ALBUM (ID_ALBUM, NOMBRE_ALBUM, FECHA_LANZAMIENTO_ALBUM, ID_ARTISTA)
VALUES (8, 'JAZZ ODYSSEY', TO_DATE('19-07-2016'), 6);
INSERT INTO ALBUM (ID_ALBUM, NOMBRE_ALBUM, FECHA_LANZAMIENTO_ALBUM, ID_ARTISTA)
VALUES (9, 'HIP-HOP REVOLUTION', TO_DATE('11-05-2018'), 7);
INSERT INTO ALBUM (ID_ALBUM, NOMBRE_ALBUM, FECHA_LANZAMIENTO_ALBUM, ID_ARTISTA)
VALUES (10, 'INDIE GEMS', TO_DATE('09-03-2020'), 10);
INSERT INTO ALBUM (ID_ALBUM, NOMBRE_ALBUM, FECHA_LANZAMIENTO_ALBUM, ID_ARTISTA)
VALUES (11, 'POP DREAMS', TO_DATE('27-12-2019'), 11);
INSERT INTO ALBUM (ID_ALBUM, NOMBRE_ALBUM, FECHA_LANZAMIENTO_ALBUM, ID_ARTISTA)
VALUES (12, 'Electric Dreams', TO_DATE('10-09-2021'), 5);
INSERT INTO ALBUM (ID_ALBUM, NOMBRE_ALBUM, FECHA_LANZAMIENTO_ALBUM, ID_ARTISTA)
VALUES (13, 'Rhythms of the Night', TO_DATE('14-03-2019'), 7);
INSERT INTO ALBUM (ID_ALBUM, NOMBRE_ALBUM, FECHA_LANZAMIENTO_ALBUM, ID_ARTISTA)
VALUES (14, 'Bluegrass Bliss', TO_DATE('22-06-2016'), 9);
INSERT INTO ALBUM (ID_ALBUM, NOMBRE_ALBUM, FECHA_LANZAMIENTO_ALBUM, ID_ARTISTA)
VALUES (15, 'Jazz Chronicles', TO_DATE('01-12-2018'), 6);
INSERT INTO ALBUM (ID_ALBUM, NOMBRE_ALBUM, FECHA_LANZAMIENTO_ALBUM, ID_ARTISTA)
VALUES (16, 'Hip-Hop Evolution', TO_DATE('19-05-2020'), 7);
INSERT INTO ALBUM (ID_ALBUM, NOMBRE_ALBUM, FECHA_LANZAMIENTO_ALBUM, ID_ARTISTA)
VALUES (17, 'Indie Vibes', TO_DATE('05-08-2017'), 10);
INSERT INTO ALBUM (ID_ALBUM, NOMBRE_ALBUM, FECHA_LANZAMIENTO_ALBUM, ID_ARTISTA)
VALUES (18, 'Pop Paradise', TO_DATE('11-10-2022'), 11);
INSERT INTO ALBUM (ID_ALBUM, NOMBRE_ALBUM, FECHA_LANZAMIENTO_ALBUM, ID_ARTISTA)
VALUES (19, 'Salsa Sensation 2', TO_DATE('28-07-2015'), 7);
INSERT INTO ALBUM (ID_ALBUM, NOMBRE_ALBUM, FECHA_LANZAMIENTO_ALBUM, ID_ARTISTA)
VALUES (20, 'Country Roads Revisited', TO_DATE('15-04-2020'), 9);
INSERT INTO ALBUM (ID_ALBUM, NOMBRE_ALBUM, FECHA_LANZAMIENTO_ALBUM, ID_ARTISTA)
VALUES (21, 'Rock Legends', TO_DATE('02-11-2017'), 4);
INSERT INTO ALBUM (ID_ALBUM, NOMBRE_ALBUM, FECHA_LANZAMIENTO_ALBUM, ID_ARTISTA)
VALUES (22, 'Summer Breeze', TO_DATE('09-06-2021'), 1);
INSERT INTO ALBUM (ID_ALBUM, NOMBRE_ALBUM, FECHA_LANZAMIENTO_ALBUM, ID_ARTISTA)
VALUES (23, 'Reflections in Jazz', TO_DATE('18-03-2017'), 6);
INSERT INTO ALBUM (ID_ALBUM, NOMBRE_ALBUM, FECHA_LANZAMIENTO_ALBUM, ID_ARTISTA)
VALUES (24, 'Pop Sensations', TO_DATE('20-08-2019'), 11);
INSERT INTO ALBUM (ID_ALBUM, NOMBRE_ALBUM, FECHA_LANZAMIENTO_ALBUM, ID_ARTISTA)
VALUES (25, 'Indie Journeys', TO_DATE('14-11-2020'), 10);
INSERT INTO ALBUM (ID_ALBUM, NOMBRE_ALBUM, FECHA_LANZAMIENTO_ALBUM, ID_ARTISTA)
VALUES (26, 'Hip-Hop Chronicles', TO_DATE('25-01-2018'), 7);
INSERT INTO ALBUM (ID_ALBUM, NOMBRE_ALBUM, FECHA_LANZAMIENTO_ALBUM, ID_ARTISTA)
VALUES (27, 'Salsa Party Mix', TO_DATE('03-12-2016'), 7);
INSERT INTO ALBUM (ID_ALBUM, NOMBRE_ALBUM, FECHA_LANZAMIENTO_ALBUM, ID_ARTISTA)
VALUES (28, 'Country Roads Unplugged', TO_DATE('10-07-2014'), 9);
INSERT INTO ALBUM (ID_ALBUM, NOMBRE_ALBUM, FECHA_LANZAMIENTO_ALBUM, ID_ARTISTA)
VALUES (29, 'Rock Classics', TO_DATE('05-05-2022'), 4);
INSERT INTO ALBUM (ID_ALBUM, NOMBRE_ALBUM, FECHA_LANZAMIENTO_ALBUM, ID_ARTISTA)
VALUES (30, 'Electro Groove', TO_DATE('12-09-2020'), 5);
INSERT INTO ALBUM (ID_ALBUM, NOMBRE_ALBUM, FECHA_LANZAMIENTO_ALBUM, ID_ARTISTA)
VALUES (31, 'Dreamland', TO_DATE('27-03-2015'), 3);
INSERT INTO ALBUM (ID_ALBUM, NOMBRE_ALBUM, FECHA_LANZAMIENTO_ALBUM, ID_ARTISTA)
VALUES (32, 'Summer Hits', TO_DATE('22-06-2022'), 1);
INSERT INTO ALBUM (ID_ALBUM, NOMBRE_ALBUM, FECHA_LANZAMIENTO_ALBUM, ID_ARTISTA)
VALUES (33, 'Jazz Explorations', TO_DATE('09-11-2017'), 6);
INSERT INTO ALBUM (ID_ALBUM, NOMBRE_ALBUM, FECHA_LANZAMIENTO_ALBUM, ID_ARTISTA)
VALUES (34, 'Pop Magic', TO_DATE('15-12-2018'), 11);
INSERT INTO ALBUM (ID_ALBUM, NOMBRE_ALBUM, FECHA_LANZAMIENTO_ALBUM, ID_ARTISTA)
VALUES (35, 'Indie Grooves', TO_DATE('04-04-2019'), 10);
INSERT INTO ALBUM (ID_ALBUM, NOMBRE_ALBUM, FECHA_LANZAMIENTO_ALBUM, ID_ARTISTA)
VALUES (36, 'Hip-Hop Hits', TO_DATE('18-08-2016'), 7);
INSERT INTO ALBUM (ID_ALBUM, NOMBRE_ALBUM, FECHA_LANZAMIENTO_ALBUM, ID_ARTISTA)
VALUES (37, 'Salsa Fiesta', TO_DATE('07-05-2022'), 7);
INSERT INTO ALBUM (ID_ALBUM, NOMBRE_ALBUM, FECHA_LANZAMIENTO_ALBUM, ID_ARTISTA)
VALUES (38, 'Country Ballads', TO_DATE('10-10-2015'), 9);
INSERT INTO ALBUM (ID_ALBUM, NOMBRE_ALBUM, FECHA_LANZAMIENTO_ALBUM, ID_ARTISTA)
VALUES (39, 'Rock Anthems', TO_DATE('25-03-2018'), 4);
INSERT INTO ALBUM (ID_ALBUM, NOMBRE_ALBUM, FECHA_LANZAMIENTO_ALBUM, ID_ARTISTA)
VALUES (40, 'Electro Dance Party', TO_DATE('02-02-2017'), 5);

--------------------------------------------------

INSERT INTO CANCION (ID_CANCION, NOMBRE_CANCION, FECHA_LANZAMIENTO_CANCION, DURACION_CANCION, ID_SUBGENERO_MUSICAL, ID_ARTISTA, ID_ALBUM)
VALUES (1, 'CANCIÓN DE EJEMPLO', TO_DATE('28-08-2023'), '03:30', 1, 1, 1);
INSERT INTO CANCION (ID_CANCION, NOMBRE_CANCION, FECHA_LANZAMIENTO_CANCION, DURACION_CANCION, ID_SUBGENERO_MUSICAL, ID_ARTISTA, ID_ALBUM)
VALUES (2, 'NOCHES DE VERANO', TO_DATE('20-07-2022'), '04:15', 2, 1, 2);
INSERT INTO CANCION (ID_CANCION, NOMBRE_CANCION, FECHA_LANZAMIENTO_CANCION, DURACION_CANCION, ID_SUBGENERO_MUSICAL, ID_ARTISTA, ID_ALBUM)
VALUES (3, 'SMOOTH JAZZ GROOVE', TO_DATE('04-12-2020'), '05:30', 8, 6, 3);
INSERT INTO CANCION (ID_CANCION, NOMBRE_CANCION, FECHA_LANZAMIENTO_CANCION, DURACION_CANCION, ID_SUBGENERO_MUSICAL, ID_ARTISTA, ID_ALBUM)
VALUES (4, 'ELECTRIC DREAMS', TO_DATE('08-03-2019'), '03:45', 4, 5, 4);
INSERT INTO CANCION (ID_CANCION, NOMBRE_CANCION, FECHA_LANZAMIENTO_CANCION, DURACION_CANCION, ID_SUBGENERO_MUSICAL, ID_ARTISTA, ID_ALBUM)
VALUES (5, 'CITY LIGHTS', TO_DATE('11-05-2021'), '04:10', 10, 10, 5);
INSERT INTO CANCION (ID_CANCION, NOMBRE_CANCION, FECHA_LANZAMIENTO_CANCION, DURACION_CANCION, ID_SUBGENERO_MUSICAL, ID_ARTISTA, ID_ALBUM)
VALUES (6, 'RAP REVOLUTION', TO_DATE('15-02-2020'), '03:20', 5, 7, 6);
INSERT INTO CANCION (ID_CANCION, NOMBRE_CANCION, FECHA_LANZAMIENTO_CANCION, DURACION_CANCION, ID_SUBGENERO_MUSICAL, ID_ARTISTA, ID_ALBUM)
VALUES (7, 'SALSA SENSUAL', TO_DATE('30-05-2018'), '04:45', 6, 7, 7);
INSERT INTO CANCION (ID_CANCION, NOMBRE_CANCION, FECHA_LANZAMIENTO_CANCION, DURACION_CANCION, ID_SUBGENERO_MUSICAL, ID_ARTISTA, ID_ALBUM)
VALUES (8, 'COUNTRY ROADS', TO_DATE('03-10-2017'), '03:55', 9, 9, 8);
INSERT INTO CANCION (ID_CANCION, NOMBRE_CANCION, FECHA_LANZAMIENTO_CANCION, DURACION_CANCION, ID_SUBGENERO_MUSICAL, ID_ARTISTA, ID_ALBUM)
VALUES (9, 'INDIE VIBES', TO_DATE('25-01-2021'), '04:30', 11, 10, 9);
INSERT INTO CANCION (ID_CANCION, NOMBRE_CANCION, FECHA_LANZAMIENTO_CANCION, DURACION_CANCION, ID_SUBGENERO_MUSICAL, ID_ARTISTA, ID_ALBUM)
VALUES (10, 'POP ANTHEM', TO_DATE('15-12-2019'), '03:55', 2, 11, 10);
INSERT INTO CANCION (ID_CANCION, NOMBRE_CANCION, FECHA_LANZAMIENTO_CANCION, DURACION_CANCION, ID_SUBGENERO_MUSICAL, ID_ALBUM, ID_ARTISTA) 
VALUES (11, 'Noches de Verano', TO_DATE('15-01-2023'), '3:45', 2, 3, 1); 
INSERT INTO CANCION (ID_CANCION, NOMBRE_CANCION, FECHA_LANZAMIENTO_CANCION, DURACION_CANCION, ID_SUBGENERO_MUSICAL, ID_ALBUM, ID_ARTISTA) 
VALUES (12, 'Bailando Bajo la Luna', TO_DATE('28-02-2023'), '4:12', 1, 2, 2); 
INSERT INTO CANCION (ID_CANCION, NOMBRE_CANCION, FECHA_LANZAMIENTO_CANCION, DURACION_CANCION, ID_SUBGENERO_MUSICAL, ID_ALBUM, ID_ARTISTA) 
VALUES (13, 'Amanecer Contigo', TO_DATE('10-03-2023'), '3:30', 3, 1, 3); 
INSERT INTO CANCION (ID_CANCION, NOMBRE_CANCION, FECHA_LANZAMIENTO_CANCION, DURACION_CANCION, ID_SUBGENERO_MUSICAL, ID_ALBUM, ID_ARTISTA) 
VALUES (14, 'Ciudad de Neón', TO_DATE('22-04-2023'), '3:58', 4, 5, 4); 
INSERT INTO CANCION (ID_CANCION, NOMBRE_CANCION, FECHA_LANZAMIENTO_CANCION, DURACION_CANCION, ID_SUBGENERO_MUSICAL, ID_ALBUM, ID_ARTISTA) 
VALUES (15, 'Sueños Perdidos', TO_DATE('05-05-2023'), '4:20', 6, 6, 5); 
INSERT INTO CANCION (ID_CANCION, NOMBRE_CANCION, FECHA_LANZAMIENTO_CANCION, DURACION_CANCION, ID_SUBGENERO_MUSICAL, ID_ALBUM, ID_ARTISTA) 
VALUES (16, 'Noches Sin Fin', TO_DATE('18-06-2023'), '3:55', 5, 4, 6); 
INSERT INTO CANCION (ID_CANCION, NOMBRE_CANCION, FECHA_LANZAMIENTO_CANCION, DURACION_CANCION, ID_SUBGENERO_MUSICAL, ID_ALBUM, ID_ARTISTA) 
VALUES (17, 'Baila Conmigo', TO_DATE('29-07-2023'), '3:30', 2, 2, 7); 
INSERT INTO CANCION (ID_CANCION, NOMBRE_CANCION, FECHA_LANZAMIENTO_CANCION, DURACION_CANCION, ID_SUBGENERO_MUSICAL, ID_ALBUM, ID_ARTISTA) 
VALUES (18, 'Sentimientos Ocultos', TO_DATE('14-08-2023'), '4:10', 1, 3, 8); 
INSERT INTO CANCION (ID_CANCION, NOMBRE_CANCION, FECHA_LANZAMIENTO_CANCION, DURACION_CANCION, ID_SUBGENERO_MUSICAL, ID_ALBUM, ID_ARTISTA) 
VALUES (19, 'Viaje al Pasado', TO_DATE('07-09-2023'), '4:05', 4, 7, 9); 
INSERT INTO CANCION (ID_CANCION, NOMBRE_CANCION, FECHA_LANZAMIENTO_CANCION, DURACION_CANCION, ID_SUBGENERO_MUSICAL, ID_ALBUM, ID_ARTISTA) 
VALUES (20, 'Ritmo Latino', TO_DATE('30-10-2023'), '3:45', 3, 1, 10); 
INSERT INTO CANCION (ID_CANCION, NOMBRE_CANCION, FECHA_LANZAMIENTO_CANCION, DURACION_CANCION, ID_SUBGENERO_MUSICAL, ID_ALBUM, ID_ARTISTA) 
VALUES (11, 'Fiesta en la Playa', TO_DATE('19-11-2023'), '3:20', 1, 2, 11); 
INSERT INTO CANCION (ID_CANCION, NOMBRE_CANCION, FECHA_LANZAMIENTO_CANCION, DURACION_CANCION, ID_SUBGENERO_MUSICAL, ID_ALBUM, ID_ARTISTA) 
VALUES (22, 'Amor Prohibido', TO_DATE('03-12-2023'), '4:05', 1, 2, 12); 
INSERT INTO CANCION (ID_CANCION, NOMBRE_CANCION, FECHA_LANZAMIENTO_CANCION, DURACION_CANCION, ID_SUBGENERO_MUSICAL, ID_ALBUM, ID_ARTISTA) 
VALUES (23, 'Bailando Bajo las Estrellas', TO_DATE('15-01-2023'), '3:45', 1, 3, 13); 
INSERT INTO CANCION (ID_CANCION, NOMBRE_CANCION, FECHA_LANZAMIENTO_CANCION, DURACION_CANCION, ID_SUBGENERO_MUSICAL, ID_ALBUM, ID_ARTISTA) 
VALUES (24, 'Sueños en la Ciudad', TO_DATE('28-02-2023'), '4:10', 2, 3, 14); 
INSERT INTO CANCION (ID_CANCION, NOMBRE_CANCION, FECHA_LANZAMIENTO_CANCION, DURACION_CANCION, ID_SUBGENERO_MUSICAL, ID_ALBUM, ID_ARTISTA) 
VALUES (25, 'Ritmo Caliente', TO_DATE('10-03-2023'), '3:30', 2, 3, 15); 
INSERT INTO CANCION (ID_CANCION, NOMBRE_CANCION, FECHA_LANZAMIENTO_CANCION, DURACION_CANCION, ID_SUBGENERO_MUSICAL, ID_ALBUM, ID_ARTISTA) 
VALUES (26, 'Noche de Pasión', TO_DATE('22-04-2023'), '3:58', 3, 1, 16); 
INSERT INTO CANCION (ID_CANCION, NOMBRE_CANCION, FECHA_LANZAMIENTO_CANCION, DURACION_CANCION, ID_SUBGENERO_MUSICAL, ID_ALBUM, ID_ARTISTA) 
VALUES (27, 'Baila Conmigo Otra Vez', TO_DATE('05-05-2023'), '4:20', 3, 1, 17); 
INSERT INTO CANCION (ID_CANCION, NOMBRE_CANCION, FECHA_LANZAMIENTO_CANCION, DURACION_CANCION, ID_SUBGENERO_MUSICAL, ID_ALBUM, ID_ARTISTA) 
VALUES (28, 'Melodías en la Playa', TO_DATE('18-06-2023'), '3:55', 4, 4, 18); 
INSERT INTO CANCION (ID_CANCION, NOMBRE_CANCION, FECHA_LANZAMIENTO_CANCION, DURACION_CANCION, ID_SUBGENERO_MUSICAL, ID_ALBUM, ID_ARTISTA) 
VALUES (29, 'Luces de la Ciudad', TO_DATE('29-07-2023'), '3:30', 4, 5, 19); 
INSERT INTO CANCION (ID_CANCION, NOMBRE_CANCION, FECHA_LANZAMIENTO_CANCION, DURACION_CANCION, ID_SUBGENERO_MUSICAL, ID_ALBUM, ID_ARTISTA) 
VALUES (30, 'Sueño Eterno', TO_DATE('14-08-2023'), '4:10', 5, 4, 20); 
INSERT INTO CANCION (ID_CANCION, NOMBRE_CANCION, FECHA_LANZAMIENTO_CANCION, DURACION_CANCION, ID_SUBGENERO_MUSICAL, ID_ALBUM, ID_ARTISTA) 
VALUES (31, 'Bailando en la Arena', TO_DATE('07-09-2023'), '3:45', 5, 4, 1); 
INSERT INTO CANCION (ID_CANCION, NOMBRE_CANCION, FECHA_LANZAMIENTO_CANCION, DURACION_CANCION, ID_SUBGENERO_MUSICAL, ID_ALBUM, ID_ARTISTA) 
VALUES (32, 'Amor en la Noche', TO_DATE('30-10-2023'), '4:05', 6, 6, 2); 
INSERT INTO CANCION (ID_CANCION, NOMBRE_CANCION, FECHA_LANZAMIENTO_CANCION, DURACION_CANCION, ID_SUBGENERO_MUSICAL, ID_ALBUM, ID_ARTISTA) 
VALUES (33, 'Baila Bajo las Estrellas', TO_DATE('19-11-2023'), '3:30', 6, 6, 3); 
INSERT INTO CANCION (ID_CANCION, NOMBRE_CANCION, FECHA_LANZAMIENTO_CANCION, DURACION_CANCION, ID_SUBGENERO_MUSICAL, ID_ALBUM, ID_ARTISTA) 
VALUES (34, 'Noches de Salsa', TO_DATE('03-12-2023'), '4:10', 7, 7, 4); 
INSERT INTO CANCION (ID_CANCION, NOMBRE_CANCION, FECHA_LANZAMIENTO_CANCION, DURACION_CANCION, ID_SUBGENERO_MUSICAL, ID_ALBUM, ID_ARTISTA) 
VALUES (35, 'Baila con Sabor', TO_DATE('15-01-2023'), '3:30', 7, 7, 5); 
INSERT INTO CANCION (ID_CANCION, NOMBRE_CANCION, FECHA_LANZAMIENTO_CANCION, DURACION_CANCION, ID_SUBGENERO_MUSICAL, ID_ALBUM, ID_ARTISTA) 
VALUES (36, 'Ritmo Tropical', TO_DATE('28-02-2023'), '3:58', 8, 8, 6); 
INSERT INTO CANCION (ID_CANCION, NOMBRE_CANCION, FECHA_LANZAMIENTO_CANCION, DURACION_CANCION, ID_SUBGENERO_MUSICAL, ID_ALBUM, ID_ARTISTA) 
VALUES (37, 'Baila en la Playa', TO_DATE('10-03-2023'), '4:20', 8, 8, 7); 
INSERT INTO CANCION (ID_CANCION, NOMBRE_CANCION, FECHA_LANZAMIENTO_CANCION, DURACION_CANCION, ID_SUBGENERO_MUSICAL, ID_ALBUM, ID_ARTISTA) 
VALUES (38, 'Amor en la Ciudad', TO_DATE('22-04-2023'), '3:55', 9, 9, 8); 
INSERT INTO CANCION (ID_CANCION, NOMBRE_CANCION, FECHA_LANZAMIENTO_CANCION, DURACION_CANCION, ID_SUBGENERO_MUSICAL, ID_ALBUM, ID_ARTISTA)
VALUES (39, 'Bailando Bajo el Sol', TO_DATE('05-05-2023'), '4:10', 9, 9, 9); 
INSERT INTO CANCION (ID_CANCION, NOMBRE_CANCION, FECHA_LANZAMIENTO_CANCION, DURACION_CANCION, ID_SUBGENERO_MUSICAL, ID_ALBUM, ID_ARTISTA) 
VALUES (40, 'Sueños en la Playa', TO_DATE('18-06-2023'), '3:45', 10, 10, 10); 
INSERT INTO CANCION (ID_CANCION, NOMBRE_CANCION, FECHA_LANZAMIENTO_CANCION, DURACION_CANCION, ID_SUBGENERO_MUSICAL, ID_ALBUM, ID_ARTISTA) 
VALUES (41, 'Ritmo en la Noche', TO_DATE('29-07-2023'), '4:05', 10, 10, 11); 
INSERT INTO CANCION (ID_CANCION, NOMBRE_CANCION, FECHA_LANZAMIENTO_CANCION, DURACION_CANCION, ID_SUBGENERO_MUSICAL, ID_ALBUM, ID_ARTISTA) 
VALUES (42, 'Noche de Baile', TO_DATE('14-08-2023'), '3:30', 1, 2, 12); 
INSERT INTO CANCION (ID_CANCION, NOMBRE_CANCION, FECHA_LANZAMIENTO_CANCION, DURACION_CANCION, ID_SUBGENERO_MUSICAL, ID_ALBUM, ID_ARTISTA) 
VALUES (43, 'Baila Toda la Noche', TO_DATE('07-09-2023'), '4:15', 1, 2, 13); 
INSERT INTO CANCION (ID_CANCION, NOMBRE_CANCION, FECHA_LANZAMIENTO_CANCION, DURACION_CANCION, ID_SUBGENERO_MUSICAL, ID_ALBUM, ID_ARTISTA) 
VALUES (44, 'Ritmo de la Jungla', TO_DATE('30-10-2023'), '3:55', 2, 3, 14); 
INSERT INTO CANCION (ID_CANCION, NOMBRE_CANCION, FECHA_LANZAMIENTO_CANCION, DURACION_CANCION, ID_SUBGENERO_MUSICAL, ID_ALBUM, ID_ARTISTA) 
VALUES (45, 'Sueños en la Playa', TO_DATE('19-11-2023'), '4:30', 2, 3, 15); 
INSERT INTO CANCION (ID_CANCION, NOMBRE_CANCION, FECHA_LANZAMIENTO_CANCION, DURACION_CANCION, ID_SUBGENERO_MUSICAL, ID_ALBUM, ID_ARTISTA) 
VALUES (46, 'Noche de Amor', TO_DATE('03-12-2023'), '4:10', 3, 1, 16); 
INSERT INTO CANCION (ID_CANCION, NOMBRE_CANCION, FECHA_LANZAMIENTO_CANCION, DURACION_CANCION, ID_SUBGENERO_MUSICAL, ID_ALBUM, ID_ARTISTA) 
VALUES (47, 'Baila con Pasión', TO_DATE('15-01-2023'), '3:45', 3, 1, 17); 
INSERT INTO CANCION (ID_CANCION, NOMBRE_CANCION, FECHA_LANZAMIENTO_CANCION, DURACION_CANCION, ID_SUBGENERO_MUSICAL, ID_ALBUM, ID_ARTISTA) 
VALUES (48, 'Melodías del Caribe', TO_DATE('28-02-2023'), '3:40', 4, 4, 18); 
INSERT INTO CANCION (ID_CANCION, NOMBRE_CANCION, FECHA_LANZAMIENTO_CANCION, DURACION_CANCION, ID_SUBGENERO_MUSICAL, ID_ALBUM, ID_ARTISTA) 
VALUES (49, 'Luces en la Noche', TO_DATE('10-03-2023'), '4:10', 4, 4, 19); 
INSERT INTO CANCION (ID_CANCION, NOMBRE_CANCION, FECHA_LANZAMIENTO_CANCION, DURACION_CANCION, ID_SUBGENERO_MUSICAL, ID_ALBUM, ID_ARTISTA) 
VALUES (50, 'Sueño Profundo', TO_DATE('22-04-2023'), '4:25', 5, 5, 20); 
INSERT INTO CANCION (ID_CANCION, NOMBRE_CANCION, FECHA_LANZAMIENTO_CANCION, DURACION_CANCION, ID_SUBGENERO_MUSICAL, ID_ALBUM, ID_ARTISTA) 
VALUES (51, 'Baila con Elegancia', TO_DATE('05-05-2023'), '3:50', 5, 5, 1); 
INSERT INTO CANCION (ID_CANCION, NOMBRE_CANCION, FECHA_LANZAMIENTO_CANCION, DURACION_CANCION, ID_SUBGENERO_MUSICAL, ID_ALBUM, ID_ARTISTA) 
VALUES (52, 'Amor en la Jungla', TO_DATE('18-06-2023'), '4:05', 6, 6, 2); 
INSERT INTO CANCION (ID_CANCION, NOMBRE_CANCION, FECHA_LANZAMIENTO_CANCION, DURACION_CANCION, ID_SUBGENERO_MUSICAL, ID_ALBUM, ID_ARTISTA) 
VALUES (53, 'Baila Bajo el Cielo', TO_DATE('29-07-2023'), '3:30', 6, 6, 3); 
INSERT INTO CANCION (ID_CANCION, NOMBRE_CANCION, FECHA_LANZAMIENTO_CANCION, DURACION_CANCION, ID_SUBGENERO_MUSICAL, ID_ALBUM, ID_ARTISTA) 
VALUES (54, 'Noche de Samba', TO_DATE('14-08-2023'), '4:15', 7, 7, 4); 
INSERT INTO CANCION (ID_CANCION, NOMBRE_CANCION, FECHA_LANZAMIENTO_CANCION, DURACION_CANCION, ID_SUBGENERO_MUSICAL, ID_ALBUM, ID_ARTISTA) 
VALUES (55, 'Ritmo Latino', TO_DATE('07-09-2023'), '3:40', 7, 7, 5); 
INSERT INTO CANCION (ID_CANCION, NOMBRE_CANCION, FECHA_LANZAMIENTO_CANCION, DURACION_CANCION, ID_SUBGENERO_MUSICAL, ID_ALBUM, ID_ARTISTA) 
VALUES (56, 'Ritmo en la Playa', TO_DATE('30-10-2023'), '4:20', 8, 8, 6); 
INSERT INTO CANCION (ID_CANCION, NOMBRE_CANCION, FECHA_LANZAMIENTO_CANCION, DURACION_CANCION, ID_SUBGENERO_MUSICAL, ID_ALBUM, ID_ARTISTA) 
VALUES (57, 'Baila Bajo la Luna', TO_DATE('19-11-2023'), '3:55', 8, 8, 7); 
INSERT INTO CANCION (ID_CANCION, NOMBRE_CANCION, FECHA_LANZAMIENTO_CANCION, DURACION_CANCION, ID_SUBGENERO_MUSICAL, ID_ALBUM, ID_ARTISTA) 
VALUES (58, 'Amor en la Playa', TO_DATE('03-12-2023'), '3:45', 9, 9, 8); 
INSERT INTO CANCION (ID_CANCION, NOMBRE_CANCION, FECHA_LANZAMIENTO_CANCION, DURACION_CANCION, ID_SUBGENERO_MUSICAL, ID_ALBUM, ID_ARTISTA) 
VALUES (59, 'Sueños en el Trópico', TO_DATE('15-01-2023'), '4:10', 9, 9, 9); 
INSERT INTO CANCION (ID_CANCION, NOMBRE_CANCION, FECHA_LANZAMIENTO_CANCION, DURACION_CANCION, ID_SUBGENERO_MUSICAL, ID_ALBUM, ID_ARTISTA) 
VALUES (60, 'Ritmo en el Caribe', TO_DATE('28-02-2023'), '4:05', 10, 10, 10); 
INSERT INTO CANCION (ID_CANCION, NOMBRE_CANCION, FECHA_LANZAMIENTO_CANCION, DURACION_CANCION, ID_SUBGENERO_MUSICAL, ID_ALBUM, ID_ARTISTA) 
VALUES (61, 'Noche de Baile', TO_DATE('10-03-2023'), '3:30', 10, 10, 11); 
INSERT INTO CANCION (ID_CANCION, NOMBRE_CANCION, FECHA_LANZAMIENTO_CANCION, DURACION_CANCION, ID_SUBGENERO_MUSICAL, ID_ALBUM, ID_ARTISTA) 
VALUES (62, 'Baila Bajo el Sol', TO_DATE('22-04-2023'), '4:20', 11, 11, 12); 
INSERT INTO CANCION (ID_CANCION, NOMBRE_CANCION, FECHA_LANZAMIENTO_CANCION, DURACION_CANCION, ID_SUBGENERO_MUSICAL, ID_ALBUM, ID_ARTISTA) 
VALUES (63, 'Ritmo en la Jungla', TO_DATE('05-05-2023'), '3:55', 11, 11, 13); 
INSERT INTO CANCION (ID_CANCION, NOMBRE_CANCION, FECHA_LANZAMIENTO_CANCION, DURACION_CANCION, ID_SUBGENERO_MUSICAL, ID_ALBUM, ID_ARTISTA) 
VALUES (64, 'Amor en la Noche', TO_DATE('18-06-2023'), '4:10', 12, 12, 14);
INSERT INTO CANCION (ID_CANCION, NOMBRE_CANCION, FECHA_LANZAMIENTO_CANCION, DURACION_CANCION, ID_SUBGENERO_MUSICAL, ID_ALBUM, ID_ARTISTA) 
VALUES (65, 'Sueños en la Playa', TO_DATE('29-07-2023'), '3:45', 12, 12, 15); 
INSERT INTO CANCION (ID_CANCION, NOMBRE_CANCION, FECHA_LANZAMIENTO_CANCION, DURACION_CANCION, ID_SUBGENERO_MUSICAL, ID_ALBUM, ID_ARTISTA) 
VALUES (66, 'Noche de Salsa', TO_DATE('14-08-2023'), '4:20', 13, 13, 16); 
INSERT INTO CANCION (ID_CANCION, NOMBRE_CANCION, FECHA_LANZAMIENTO_CANCION, DURACION_CANCION, ID_SUBGENERO_MUSICAL, ID_ALBUM, ID_ARTISTA) 
VALUES (67, 'Baila con Sabor', TO_DATE('07-09-2023'), '3:58', 13, 13, 17); 
INSERT INTO CANCION (ID_CANCION, NOMBRE_CANCION, FECHA_LANZAMIENTO_CANCION, DURACION_CANCION, ID_SUBGENERO_MUSICAL, ID_ALBUM, ID_ARTISTA) 
VALUES (68, 'Ritmo Tropical', TO_DATE('30-10-2023'), '3:30', 14, 14, 18); 
INSERT INTO CANCION (ID_CANCION, NOMBRE_CANCION, FECHA_LANZAMIENTO_CANCION, DURACION_CANCION, ID_SUBGENERO_MUSICAL, ID_ALBUM, ID_ARTISTA) 
VALUES (69, 'Baila en la Playa', TO_DATE('19-11-2023'), '4:05', 14, 14, 19); 
INSERT INTO CANCION (ID_CANCION, NOMBRE_CANCION, FECHA_LANZAMIENTO_CANCION, DURACION_CANCION, ID_SUBGENERO_MUSICAL, ID_ALBUM, ID_ARTISTA) 
VALUES (70, 'Amor en la Ciudad', TO_DATE('03-12-2023'), '3:55', 15, 15, 20); 
INSERT INTO CANCION (ID_CANCION, NOMBRE_CANCION, FECHA_LANZAMIENTO_CANCION, DURACION_CANCION, ID_SUBGENERO_MUSICAL, ID_ALBUM, ID_ARTISTA) 
VALUES (71, 'Bailando Bajo el Sol', TO_DATE('15-01-2023'), '4:10', 15, 15, 1); 
INSERT INTO CANCION (ID_CANCION, NOMBRE_CANCION, FECHA_LANZAMIENTO_CANCION, DURACION_CANCION, ID_SUBGENERO_MUSICAL, ID_ALBUM, ID_ARTISTA) 
VALUES (72, 'Sueños en la Playa', TO_DATE('28-02-2023'), '3:45', 16, 16, 2); 
INSERT INTO CANCION (ID_CANCION, NOMBRE_CANCION, FECHA_LANZAMIENTO_CANCION, DURACION_CANCION, ID_SUBGENERO_MUSICAL, ID_ALBUM, ID_ARTISTA) 
VALUES (73, 'Ritmo en la Noche', TO_DATE('10-03-2023'), '4:05', 16, 16, 3); 
INSERT INTO CANCION (ID_CANCION, NOMBRE_CANCION, FECHA_LANZAMIENTO_CANCION, DURACION_CANCION, ID_SUBGENERO_MUSICAL, ID_ALBUM, ID_ARTISTA) 
VALUES (74, 'Noches de Fiesta', TO_DATE('22-04-2023'), '3:30', 17, 17, 4); 
INSERT INTO CANCION (ID_CANCION, NOMBRE_CANCION, FECHA_LANZAMIENTO_CANCION, DURACION_CANCION, ID_SUBGENERO_MUSICAL, ID_ALBUM, ID_ARTISTA) 
VALUES (75, 'Baila en la Playa', TO_DATE('05-05-2023'), '4:10', 17, 17, 5); 
INSERT INTO CANCION (ID_CANCION, NOMBRE_CANCION, FECHA_LANZAMIENTO_CANCION, DURACION_CANCION, ID_SUBGENERO_MUSICAL, ID_ALBUM, ID_ARTISTA) 
VALUES (76, 'Ritmo Caliente', TO_DATE('18-06-2023'), '3:55', 18, 18, 6); 
INSERT INTO CANCION (ID_CANCION, NOMBRE_CANCION, FECHA_LANZAMIENTO_CANCION, DURACION_CANCION, ID_SUBGENERO_MUSICAL, ID_ALBUM, ID_ARTISTA) 
VALUES (77, 'Baila Bajo las Estrellas', TO_DATE('29-07-2023'), '4:20', 18, 18, 7); 
INSERT INTO CANCION (ID_CANCION, NOMBRE_CANCION, FECHA_LANZAMIENTO_CANCION, DURACION_CANCION, ID_SUBGENERO_MUSICAL, ID_ALBUM, ID_ARTISTA) 
VALUES (78, 'Noche de Pasión', TO_DATE('14-08-2023'), '4:05', 19, 19, 8); 
INSERT INTO CANCION (ID_CANCION, NOMBRE_CANCION, FECHA_LANZAMIENTO_CANCION, DURACION_CANCION, ID_SUBGENERO_MUSICAL, ID_ALBUM, ID_ARTISTA) 
VALUES (79, 'Baila Conmigo Otra Vez', TO_DATE('07-09-2023'), '3:30', 19, 19, 9); 
INSERT INTO CANCION (ID_CANCION, NOMBRE_CANCION, FECHA_LANZAMIENTO_CANCION, DURACION_CANCION, ID_SUBGENERO_MUSICAL, ID_ALBUM, ID_ARTISTA) 
VALUES (80, 'Melodías en la Playa', TO_DATE('30-10-2023'), '4:10', 20, 20, 10); 
INSERT INTO CANCION (ID_CANCION, NOMBRE_CANCION, FECHA_LANZAMIENTO_CANCION, DURACION_CANCION, ID_SUBGENERO_MUSICAL, ID_ALBUM, ID_ARTISTA) 
VALUES (81, 'Luces de la Ciudad', TO_DATE('19-11-2023'), '3:45', 20, 20, 11);

--------------------------------------------------

INSERT INTO CALIFICACION_OYENTE (ID_CALIFICACION_OYENTE, CALIFICACION_CRITICA, COMENTARIO_CALIFICACION, ID_CANCION)
VALUES (1, '5 estrellas', 'Me encanta esta canción', 1);
INSERT INTO CALIFICACION_OYENTE (ID_CALIFICACION_OYENTE, CALIFICACION_CRITICA, COMENTARIO_CALIFICACION, ID_CANCION)
VALUES (2, '4 estrellas', 'Me encanta esta canción.', 1);
INSERT INTO CALIFICACION_OYENTE (ID_CALIFICACION_OYENTE, CALIFICACION_CRITICA, COMENTARIO_CALIFICACION, ID_CANCION)
VALUES (3, '5 estrellas', '¡Esta canción es increíble!', 3);
INSERT INTO CALIFICACION_OYENTE (ID_CALIFICACION_OYENTE, CALIFICACION_CRITICA, COMENTARIO_CALIFICACION, ID_CANCION)
VALUES (4, '3 estrellas', 'Es una canción decente.', 4);
INSERT INTO CALIFICACION_OYENTE (ID_CALIFICACION_OYENTE, CALIFICACION_CRITICA, COMENTARIO_CALIFICACION, ID_CANCION)
VALUES (5, '5 estrellas', 'La mejor canción que he escuchado.', 2);
INSERT INTO CALIFICACION_OYENTE (ID_CALIFICACION_OYENTE, CALIFICACION_CRITICA, COMENTARIO_CALIFICACION, ID_CANCION)
VALUES (6, '4 estrellas', 'Me hace bailar cada vez.', 5);
INSERT INTO CALIFICACION_OYENTE (ID_CALIFICACION_OYENTE, CALIFICACION_CRITICA, COMENTARIO_CALIFICACION, ID_CANCION)
VALUES (7, '2 estrellas', 'No es mi estilo.', 6);
INSERT INTO CALIFICACION_OYENTE (ID_CALIFICACION_OYENTE, CALIFICACION_CRITICA, COMENTARIO_CALIFICACION, ID_CANCION)
VALUES (8, '5 estrellas', 'Esta canción es un clásico.', 8);
INSERT INTO CALIFICACION_OYENTE (ID_CALIFICACION_OYENTE, CALIFICACION_CRITICA, COMENTARIO_CALIFICACION, ID_CANCION)
VALUES (9, '4 estrellas', 'Gran interpretación vocal.', 7);
INSERT INTO CALIFICACION_OYENTE (ID_CALIFICACION_OYENTE, CALIFICACION_CRITICA, COMENTARIO_CALIFICACION, ID_CANCION)
VALUES (10, '3 estrellas', 'No está mal, pero podría mejorar.', 9);
INSERT INTO CALIFICACION_OYENTE (ID_CALIFICACION_OYENTE, CALIFICACION_CRITICA, COMENTARIO_CALIFICACION, ID_CANCION)
VALUES (11, '5 estrellas', 'Me encanta la letra.', 10);
INSERT INTO CALIFICACION_OYENTE (ID_CALIFICACION_OYENTE, CALIFICACION_CRITICA, COMENTARIO_CALIFICACION, ID_CANCION)
VALUES (12, '4 estrellas', 'Me gusta la melodía.', 1);
INSERT INTO CALIFICACION_OYENTE (ID_CALIFICACION_OYENTE, CALIFICACION_CRITICA, COMENTARIO_CALIFICACION, ID_CANCION)
VALUES (13, '3 estrellas', 'La canción es regular.', 2);
INSERT INTO CALIFICACION_OYENTE (ID_CALIFICACION_OYENTE, CALIFICACION_CRITICA, COMENTARIO_CALIFICACION, ID_CANCION)
VALUES (14, '5 estrellas', '¡Increíble! Mi canción favorita.', 3);
INSERT INTO CALIFICACION_OYENTE (ID_CALIFICACION_OYENTE, CALIFICACION_CRITICA, COMENTARIO_CALIFICACION, ID_CANCION)
VALUES (15, '2 estrellas', 'No es mi estilo.', 4);
INSERT INTO CALIFICACION_OYENTE (ID_CALIFICACION_OYENTE, CALIFICACION_CRITICA, COMENTARIO_CALIFICACION, ID_CANCION)
VALUES (16, '4 estrellas', 'Me hace sentir feliz.', 5);
INSERT INTO CALIFICACION_OYENTE (ID_CALIFICACION_OYENTE, CALIFICACION_CRITICA, COMENTARIO_CALIFICACION, ID_CANCION)
VALUES (17, '5 estrellas', '¡Es una obra maestra!', 6);
INSERT INTO CALIFICACION_OYENTE (ID_CALIFICACION_OYENTE, CALIFICACION_CRITICA, COMENTARIO_CALIFICACION, ID_CANCION)
VALUES (18, '3 estrellas', 'Podría mejorar.', 7);
INSERT INTO CALIFICACION_OYENTE (ID_CALIFICACION_OYENTE, CALIFICACION_CRITICA, COMENTARIO_CALIFICACION, ID_CANCION)
VALUES (19, '4 estrellas', 'Buena letra.', 8);
INSERT INTO CALIFICACION_OYENTE (ID_CALIFICACION_OYENTE, CALIFICACION_CRITICA, COMENTARIO_CALIFICACION, ID_CANCION)
VALUES (20, '5 estrellas', '¡La voz del cantante es increíble!', 9);
INSERT INTO CALIFICACION_OYENTE (ID_CALIFICACION_OYENTE, CALIFICACION_CRITICA, COMENTARIO_CALIFICACION, ID_CANCION)
VALUES (21, '3 estrellas', 'No está mal.', 10);
INSERT INTO CALIFICACION_OYENTE (ID_CALIFICACION_OYENTE, CALIFICACION_CRITICA, COMENTARIO_CALIFICACION, ID_CANCION)
VALUES (22, '4 estrellas', 'Buena canción para relajarse.', 11);
INSERT INTO CALIFICACION_OYENTE (ID_CALIFICACION_OYENTE, CALIFICACION_CRITICA, COMENTARIO_CALIFICACION, ID_CANCION)
VALUES (23, '3 estrellas', 'No es lo que esperaba.', 12);
INSERT INTO CALIFICACION_OYENTE (ID_CALIFICACION_OYENTE, CALIFICACION_CRITICA, COMENTARIO_CALIFICACION, ID_CANCION)
VALUES (24, '5 estrellas', 'Me hace bailar cada vez que la escucho.', 13);
INSERT INTO CALIFICACION_OYENTE (ID_CALIFICACION_OYENTE, CALIFICACION_CRITICA, COMENTARIO_CALIFICACION, ID_CANCION)
VALUES (25, '2 estrellas', 'No me gusta en absoluto.', 14);
INSERT INTO CALIFICACION_OYENTE (ID_CALIFICACION_OYENTE, CALIFICACION_CRITICA, COMENTARIO_CALIFICACION, ID_CANCION)
VALUES (26, '4 estrellas', 'Buena canción para el gimnasio.', 15);
INSERT INTO CALIFICACION_OYENTE (ID_CALIFICACION_OYENTE, CALIFICACION_CRITICA, COMENTARIO_CALIFICACION, ID_CANCION)
VALUES (27, '5 estrellas', '¡Quiero más de esto!', 16);
INSERT INTO CALIFICACION_OYENTE (ID_CALIFICACION_OYENTE, CALIFICACION_CRITICA, COMENTARIO_CALIFICACION, ID_CANCION)
VALUES (28, '3 estrellas', 'Podría ser mejor.', 17);
INSERT INTO CALIFICACION_OYENTE (ID_CALIFICACION_OYENTE, CALIFICACION_CRITICA, COMENTARIO_CALIFICACION, ID_CANCION)
VALUES (29, '4 estrellas', 'La letra es inspiradora.', 18);
INSERT INTO CALIFICACION_OYENTE (ID_CALIFICACION_OYENTE, CALIFICACION_CRITICA, COMENTARIO_CALIFICACION, ID_CANCION)
VALUES (30, '5 estrellas', '¡Esta canción merece un premio!', 19);
INSERT INTO CALIFICACION_OYENTE (ID_CALIFICACION_OYENTE, CALIFICACION_CRITICA, COMENTARIO_CALIFICACION, ID_CANCION)
VALUES (31, '3 estrellas', 'Nada mal.', 20);
INSERT INTO CALIFICACION_OYENTE (ID_CALIFICACION_OYENTE, CALIFICACION_CRITICA, COMENTARIO_CALIFICACION, ID_CANCION)
VALUES (32, '4 estrellas', 'Me recuerda a mi infancia.', 21);
INSERT INTO CALIFICACION_OYENTE (ID_CALIFICACION_OYENTE, CALIFICACION_CRITICA, COMENTARIO_CALIFICACION, ID_CANCION)
VALUES (33, '5 estrellas', '¡Impresionante!', 22);
INSERT INTO CALIFICACION_OYENTE (ID_CALIFICACION_OYENTE, CALIFICACION_CRITICA, COMENTARIO_CALIFICACION, ID_CANCION)
VALUES (34, '3 estrellas', 'Puede mejorar.', 23);
INSERT INTO CALIFICACION_OYENTE (ID_CALIFICACION_OYENTE, CALIFICACION_CRITICA, COMENTARIO_CALIFICACION, ID_CANCION)
VALUES (35, '4 estrellas', 'Me hace sentir vivo.', 24);
INSERT INTO CALIFICACION_OYENTE (ID_CALIFICACION_OYENTE, CALIFICACION_CRITICA, COMENTARIO_CALIFICACION, ID_CANCION)
VALUES (36, '5 estrellas', 'No puedo dejar de escucharla.', 25);
INSERT INTO CALIFICACION_OYENTE (ID_CALIFICACION_OYENTE, CALIFICACION_CRITICA, COMENTARIO_CALIFICACION, ID_CANCION)
VALUES (37, '3 estrellas', 'Más o menos.', 26);
INSERT INTO CALIFICACION_OYENTE (ID_CALIFICACION_OYENTE, CALIFICACION_CRITICA, COMENTARIO_CALIFICACION, ID_CANCION)
VALUES (38, '4 estrellas', 'Gran producción musical.', 27);
INSERT INTO CALIFICACION_OYENTE (ID_CALIFICACION_OYENTE, CALIFICACION_CRITICA, COMENTARIO_CALIFICACION, ID_CANCION)
VALUES (39, '5 estrellas', 'Una joya oculta.', 28);
INSERT INTO CALIFICACION_OYENTE (ID_CALIFICACION_OYENTE, CALIFICACION_CRITICA, COMENTARIO_CALIFICACION, ID_CANCION)
VALUES (40, '3 estrellas', 'Nada especial.', 29);
INSERT INTO CALIFICACION_OYENTE (ID_CALIFICACION_OYENTE, CALIFICACION_CRITICA, COMENTARIO_CALIFICACION, ID_CANCION)
VALUES (41, '4 estrellas', 'Gran trabajo de producción.', 30);
INSERT INTO CALIFICACION_OYENTE (ID_CALIFICACION_OYENTE, CALIFICACION_CRITICA, COMENTARIO_CALIFICACION, ID_CANCION)
VALUES (42, '4 estrellas', 'Me encanta esta canción.', 6);
INSERT INTO CALIFICACION_OYENTE (ID_CALIFICACION_OYENTE, CALIFICACION_CRITICA, COMENTARIO_CALIFICACION, ID_CANCION)
VALUES (43, '3 estrellas', 'Buena canción para relajarse.', 4);
INSERT INTO CALIFICACION_OYENTE (ID_CALIFICACION_OYENTE, CALIFICACION_CRITICA, COMENTARIO_CALIFICACION, ID_CANCION)
VALUES (44, '5 estrellas', 'Gran letra y ritmo pegajoso.', 8);
INSERT INTO CALIFICACION_OYENTE (ID_CALIFICACION_OYENTE, CALIFICACION_CRITICA, COMENTARIO_CALIFICACION, ID_CANCION)
VALUES (45, '2 estrellas', 'No es mi estilo, pero está bien.', 5);
INSERT INTO CALIFICACION_OYENTE (ID_CALIFICACION_OYENTE, CALIFICACION_CRITICA, COMENTARIO_CALIFICACION, ID_CANCION)
VALUES (46, '4 estrellas', 'Me hace bailar cada vez.', 3);
INSERT INTO CALIFICACION_OYENTE (ID_CALIFICACION_OYENTE, CALIFICACION_CRITICA, COMENTARIO_CALIFICACION, ID_CANCION)
VALUES (47, '5 estrellas', '¡Esta canción es increíble!', 7);
INSERT INTO CALIFICACION_OYENTE (ID_CALIFICACION_OYENTE, CALIFICACION_CRITICA, COMENTARIO_CALIFICACION, ID_CANCION)
VALUES (48, '3 estrellas', 'Es una canción decente.', 2);
INSERT INTO CALIFICACION_OYENTE (ID_CALIFICACION_OYENTE, CALIFICACION_CRITICA, COMENTARIO_CALIFICACION, ID_CANCION)
VALUES (49, '4 estrellas', 'Gran interpretación vocal.', 1);
INSERT INTO CALIFICACION_OYENTE (ID_CALIFICACION_OYENTE, CALIFICACION_CRITICA, COMENTARIO_CALIFICACION, ID_CANCION)
VALUES (50, '5 estrellas', 'Me encanta la letra.', 10);
INSERT INTO CALIFICACION_OYENTE (ID_CALIFICACION_OYENTE, CALIFICACION_CRITICA, COMENTARIO_CALIFICACION, ID_CANCION)
VALUES (51, '3 estrellas', 'No está mal, pero podría mejorar.', 9);
INSERT INTO CALIFICACION_OYENTE (ID_CALIFICACION_OYENTE, CALIFICACION_CRITICA, COMENTARIO_CALIFICACION, ID_CANCION)
VALUES (52, '5 estrellas', 'Esta canción es un clásico.', 8);
INSERT INTO CALIFICACION_OYENTE (ID_CALIFICACION_OYENTE, CALIFICACION_CRITICA, COMENTARIO_CALIFICACION, ID_CANCION)
VALUES (53, '4 estrellas', 'Me encanta esta canción.', 6);
INSERT INTO CALIFICACION_OYENTE (ID_CALIFICACION_OYENTE, CALIFICACION_CRITICA, COMENTARIO_CALIFICACION, ID_CANCION)
VALUES (54, '3 estrellas', 'Buena canción para relajarse.', 7);
INSERT INTO CALIFICACION_OYENTE (ID_CALIFICACION_OYENTE, CALIFICACION_CRITICA, COMENTARIO_CALIFICACION, ID_CANCION)
VALUES (55, '5 estrellas', 'Gran letra y ritmo pegajoso.', 5);
INSERT INTO CALIFICACION_OYENTE (ID_CALIFICACION_OYENTE, CALIFICACION_CRITICA, COMENTARIO_CALIFICACION, ID_CANCION)
VALUES (56, '2 estrellas', 'No es mi estilo, pero está bien.', 3);
INSERT INTO CALIFICACION_OYENTE (ID_CALIFICACION_OYENTE, CALIFICACION_CRITICA, COMENTARIO_CALIFICACION, ID_CANCION)
VALUES (57, '4 estrellas', 'Me hace bailar cada vez.', 2);
INSERT INTO CALIFICACION_OYENTE (ID_CALIFICACION_OYENTE, CALIFICACION_CRITICA, COMENTARIO_CALIFICACION, ID_CANCION)
VALUES (58, '5 estrellas', '¡Esta canción es increíble!', 1);
INSERT INTO CALIFICACION_OYENTE (ID_CALIFICACION_OYENTE, CALIFICACION_CRITICA, COMENTARIO_CALIFICACION, ID_CANCION)
VALUES (59, '3 estrellas', 'Es una canción decente.', 4);
INSERT INTO CALIFICACION_OYENTE (ID_CALIFICACION_OYENTE, CALIFICACION_CRITICA, COMENTARIO_CALIFICACION, ID_CANCION)
VALUES (60, '4 estrellas', 'Gran interpretación vocal.', 9);
INSERT INTO CALIFICACION_OYENTE (ID_CALIFICACION_OYENTE, CALIFICACION_CRITICA, COMENTARIO_CALIFICACION, ID_CANCION)
VALUES (61, '3 estrellas', 'Buena melodía, pero podría mejorar la letra.', 15);
INSERT INTO CALIFICACION_OYENTE (ID_CALIFICACION_OYENTE, CALIFICACION_CRITICA, COMENTARIO_CALIFICACION, ID_CANCION)
VALUES (62, '5 estrellas', 'Esta canción me hace feliz.', 9);
INSERT INTO CALIFICACION_OYENTE (ID_CALIFICACION_OYENTE, CALIFICACION_CRITICA, COMENTARIO_CALIFICACION, ID_CANCION)
VALUES (63, '2 estrellas', 'No es lo que esperaba.', 16);
INSERT INTO CALIFICACION_OYENTE (ID_CALIFICACION_OYENTE, CALIFICACION_CRITICA, COMENTARIO_CALIFICACION, ID_CANCION)
VALUES (64, '4 estrellas', 'Me gusta el ritmo de esta canción.', 12);
INSERT INTO CALIFICACION_OYENTE (ID_CALIFICACION_OYENTE, CALIFICACION_CRITICA, COMENTARIO_CALIFICACION, ID_CANCION)
VALUES (65, '5 estrellas', 'Esta canción es un éxito.', 17);
INSERT INTO CALIFICACION_OYENTE (ID_CALIFICACION_OYENTE, CALIFICACION_CRITICA, COMENTARIO_CALIFICACION, ID_CANCION)
VALUES (66, '3 estrellas', 'Podría ser mejor.', 14);
INSERT INTO CALIFICACION_OYENTE (ID_CALIFICACION_OYENTE, CALIFICACION_CRITICA, COMENTARIO_CALIFICACION, ID_CANCION)
VALUES (67, '4 estrellas', 'Gran interpretación vocal.', 13);
INSERT INTO CALIFICACION_OYENTE (ID_CALIFICACION_OYENTE, CALIFICACION_CRITICA, COMENTARIO_CALIFICACION, ID_CANCION)
VALUES (68, '5 estrellas', 'Me encanta esta canción.', 10);
INSERT INTO CALIFICACION_OYENTE (ID_CALIFICACION_OYENTE, CALIFICACION_CRITICA, COMENTARIO_CALIFICACION, ID_CANCION)
VALUES (69, '3 estrellas', 'Es una canción decente.', 8);
INSERT INTO CALIFICACION_OYENTE (ID_CALIFICACION_OYENTE, CALIFICACION_CRITICA, COMENTARIO_CALIFICACION, ID_CANCION)
VALUES (70, '4 estrellas', 'Buen ritmo y letra pegajosa.', 7);
INSERT INTO CALIFICACION_OYENTE (ID_CALIFICACION_OYENTE, CALIFICACION_CRITICA, COMENTARIO_CALIFICACION, ID_CANCION)
VALUES (71, '5 estrellas', 'Una de mis canciones favoritas.', 6);
INSERT INTO CALIFICACION_OYENTE (ID_CALIFICACION_OYENTE, CALIFICACION_CRITICA, COMENTARIO_CALIFICACION, ID_CANCION)
VALUES (72, '3 estrellas', 'Podría escucharla de nuevo.', 5);
INSERT INTO CALIFICACION_OYENTE (ID_CALIFICACION_OYENTE, CALIFICACION_CRITICA, COMENTARIO_CALIFICACION, ID_CANCION)
VALUES (73, '4 estrellas', 'Me hace recordar buenos momentos.', 4);
INSERT INTO CALIFICACION_OYENTE (ID_CALIFICACION_OYENTE, CALIFICACION_CRITICA, COMENTARIO_CALIFICACION, ID_CANCION)
VALUES (74, '5 estrellas', '¡Esta canción es impresionante!', 3);
INSERT INTO CALIFICACION_OYENTE (ID_CALIFICACION_OYENTE, CALIFICACION_CRITICA, COMENTARIO_CALIFICACION, ID_CANCION)
VALUES (75, '3 estrellas', 'Es una canción decente.', 2);
INSERT INTO CALIFICACION_OYENTE (ID_CALIFICACION_OYENTE, CALIFICACION_CRITICA, COMENTARIO_CALIFICACION, ID_CANCION)
VALUES (76, '4 estrellas', 'Me gusta la energía de esta canción.', 1);
INSERT INTO CALIFICACION_OYENTE (ID_CALIFICACION_OYENTE, CALIFICACION_CRITICA, COMENTARIO_CALIFICACION, ID_CANCION)
VALUES (77, '5 estrellas', 'Esta canción es adictiva.', 20);
INSERT INTO CALIFICACION_OYENTE (ID_CALIFICACION_OYENTE, CALIFICACION_CRITICA, COMENTARIO_CALIFICACION, ID_CANCION)
VALUES (78, '3 estrellas', 'Es una canción que se queda en la mente.', 19);
INSERT INTO CALIFICACION_OYENTE (ID_CALIFICACION_OYENTE, CALIFICACION_CRITICA, COMENTARIO_CALIFICACION, ID_CANCION)
VALUES (79, '4 estrellas', 'Buena elección de instrumentos.', 18);
INSERT INTO CALIFICACION_OYENTE (ID_CALIFICACION_OYENTE, CALIFICACION_CRITICA, COMENTARIO_CALIFICACION, ID_CANCION)
VALUES (80, '5 estrellas', '¡Esta canción es increíble!', 17);
INSERT INTO CALIFICACION_OYENTE (ID_CALIFICACION_OYENTE, CALIFICACION_CRITICA, COMENTARIO_CALIFICACION, ID_CANCION)
VALUES (81, '4 estrellas', 'Esta canción es genial.', 11);
